#args=Namespace(nthreads=20, maxiter=50, ncheckins=5, lspp=0, n_local_trials=1, mbsize=10000, msr=['3', '4', '5', '7', '9', '15'], prior=0.01, dataset='cao2m', hvg=500, densify=True, topnorm=False, k=25)
#pref:12855448.
#cao2m	HVGene500	89.55997943878174
#cao2m	DensifyHVG500	3.030273914337158
#Dataset	k	numberHVG	Measure	Prior	LocalsearchRounds	NumLocalTrials	Densified	MinibatchSize	KmeansplusplusTime	KmeansplusplusCost	KMeansplusplusARI	KMeansTime	KMeansCost	KMeansARI
cao2m	25	500	SQRL2	0.01	0	1	True	10000	35.97530651092529	2873984000.0	0.007439551265120133	221.251455783844	1933699485.4352531	0.024297194175898564
cao2m	25	500	JSM	0.01	0	1	True	10000	23.622684717178345	1181558.875	0.10558453618516911	155.22980046272278	1021861.328292393	0.26583613021899155
cao2m	25	500	JSD	0.01	0	1	True	10000	17.674068689346313	694778.875	0.10795133438696108	174.25799322128296	516285.72993389517	0.27801138446525764
cao2m	25	500	MKL	0.01	0	1	True	10000	27.173593282699585	4865650.0	0.06011003475935654	218.9041826725006	3640080.427870333	0.06981401711077802
cao2m	25	500	BHATTACHARYYA_METRIC	0.01	0	1	True	10000	31.301851749420166	1341644.625	0.1403046581531226	201.3758511543274	1100999.7868560064	0.2620220841238602
cao2m	25	500	TOTAL_VARIATION_DISTANCE	0.01	0	1	True	10000	28.21224880218506	1294895.0	0.09930134240809052	272.3002395629883	1294895.011365076	0.07834098349713521
cao2m	25	500	COSINE_DISTANCE	0.01	0	1	True	10000	33.783894300460815	617046.25	0.05651749949790549	231.9203770160675	511097.4655633042	0.12233198769363504
