#args=Namespace(nthreads=20, maxiter=50, ncheckins=5, lspp=0, n_local_trials=1, mbsize=10000, msr=['3', '4', '5', '7', '9', '15'], prior=1.0, dataset='cao2m', hvg=50, densify=True, topnorm=False, k=25)
#pref:07868256.
#cao2m	HVGene50	91.33872175216675
#cao2m	DensifyHVG50	0.35999608039855957
#Dataset	k	numberHVG	Measure	Prior	LocalsearchRounds	NumLocalTrials	Densified	MinibatchSize	KmeansplusplusTime	KmeansplusplusCost	KMeansplusplusARI	KMeansTime	KMeansCost	KMeansARI
cao2m	25	50	SQRL2	1.0	0	1	True	10000	31.47836208343506	1433145472.0	0.010683155671368507	223.6763243675232	919366376.2048402	0.017508218356283755
cao2m	25	50	JSM	1.0	0	1	True	10000	34.926029682159424	466601.375	0.027409225542382457	229.51258039474487	397080.4240935	0.08372939345701602
cao2m	25	50	JSD	1.0	0	1	True	10000	32.53369331359863	123266.6171875	0.052501975518839436	202.03298354148865	80018.57831745455	0.08482094402519823
cao2m	25	50	MKL	1.0	0	1	True	10000	23.219595670700073	495262.9375	0.0261575637214901	194.6658160686493	332573.2112530973	0.06920768485996101
cao2m	25	50	BHATTACHARYYA_METRIC	1.0	0	1	True	10000	22.82803702354431	497718.28125	0.03867382977182922	189.80533075332642	402018.740502837	0.07977666095369666
cao2m	25	50	TOTAL_VARIATION_DISTANCE	1.0	0	1	True	10000	22.727959871292114	542612.4375	0.04663639554162878	181.83398056030273	542612.4335832326	0.027724074731090353
cao2m	25	50	COSINE_DISTANCE	1.0	0	1	True	10000	25.053850412368774	362682.6875	0.043404137867912126	185.78784799575806	296205.9601907645	0.06457164545638902
