#args=Namespace(nthreads=20, maxiter=50, ncheckins=5, lspp=0, n_local_trials=1, mbsize=10000, msr=['3', '4', '5', '7', '9'], prior=1.0, dataset='cao2m', hvg=1000, densify=False, topnorm=False, k=25)
#pref:46360046.
#cao2m	HVGene1000	84.48345279693604
#Dataset	k	numberHVG	Measure	Prior	LocalsearchRounds	NumLocalTrials	Densified	MinibatchSize	KmeansplusplusTime	KmeansplusplusCost	KMeansplusplusARI	KMeansTime	KMeansCost	KMeansARI
cao2m	25	1000	SQRL2	1.0	0	1	False	10000	35.27794885635376	3807374122.0	9.207809157261039	70.80652332305908	2277430272.0	-1.0662979850684866
cao2m	25	1000	JSM	1.0	0	1	False	10000	36.37205386161804	368732.6625577725	0.9846412456933202	159.20296454429626	306539.0625	1.4407082268513594
cao2m	25	1000	JSD	1.0	0	1	False	10000	36.37861752510071	73652.24767003115	-0.06233372072386336	160.91372966766357	48353.7421875	-0.09232566923825639
cao2m	25	1000	MKL	1.0	0	1	False	10000	33.055606842041016	281105.9407058023	0.903862620825814	132.97865676879883	194828.5	2.470960244508079
cao2m	25	1000	BHATTACHARYYA_METRIC	1.0	0	1	False	10000	19.984978199005127	373379.42964031076	-2.4380781442063726	67.78389191627502	326186.8125	0.9571319737786916
cao2m	25	1000	TOTAL_VARIATION_DISTANCE	1.0	0	1	False	10000	21.286039113998413	372995.5296637275	4.893293720844144