#args=Namespace(dataset='cao2m', densify=False, hvg=500, k=25, lspp=25, maxiter=50, mbsize=10000, msr=['3', '4', '5', '7'], n_local_trials=1, ncheckins=5, nthreads=20, prior=1.0, topnorm=False)
#pref:99720023.
#cao2m	HVGene500	81.97676682472229
#Dataset	k	numberHVG	Measure	Prior	LocalsearchRounds	NumLocalTrials	Densified	MinibatchSize	KmeansplusplusTime	KmeansplusplusCost	KMeansplusplusARI	KMeansTime	KMeansCost	KMeansARI
cao2m	25	500	SQRL2	1.0	25	1	False	10000	55.62519145011902	2796357353.0	0.005218987357351305	37.9954047203064	1915346176.0	0.019516787692217232
cao2m	25	500	JSM	1.0	25	1	False	10000	72.910804271698	406796.63640714524	0.009678520082154354	128.85321640968323	341007.0	0.04736130044982141
cao2m	25	500	JSD	1.0	25	1	False	10000	93.41976189613342	90973.75625714473	0.034951145491424335	118.2187032699585	59558.03515625	0.04573190844013702
cao2m	25	500	MKL	1.0	25	1	False	10000	82.4312961101532	386002.3053740915	0.014125333385291882	69.65670442581177	239861.28125	0.014663272022031553
cao2m	25	500	BHATTACHARYYA_METRIC	1.0	25	1	False	10000	48.81178069114685	425926.61767715076	0.04621649874623742	36.15208125114441	372231.0	0.11763408900719538
