#args=Namespace(nthreads=20, maxiter=50, ncheckins=5, lspp=0, n_local_trials=1, mbsize=10000, msr=['3', '4', '5', '7', '9', '15'], prior=0.1, dataset='cao2m', hvg=1000, densify=True, topnorm=False, k=25)
#pref:52829844.
#cao2m	HVGene1000	94.61905550956726
#cao2m	DensifyHVG1000	5.859262466430664
#Dataset	k	numberHVG	Measure	Prior	LocalsearchRounds	NumLocalTrials	Densified	MinibatchSize	KmeansplusplusTime	KmeansplusplusCost	KMeansplusplusARI	KMeansTime	KMeansCost	KMeansARI
cao2m	25	1000	SQRL2	0.1	0	1	True	10000	42.23689889907837	3807374592.0	0.006182475716452257	219.63561916351318	2277432224.665161	0.018956487159000605
cao2m	25	1000	JSM	0.1	0	1	True	10000	21.384703636169434	989738.25	0.05453414169456156	154.93242168426514	794244.2580491789	0.22022123487879158
cao2m	25	1000	JSD	0.1	0	1	True	10000	21.047829389572144	502536.21875	0.08417355850472814	142.10667324066162	307433.8939843662	0.23743724791078397
cao2m	25	1000	MKL	0.1	0	1	True	10000	18.64003276824951	2545455.75	0.08123135472874438	162.9417748451233	1442423.1634942442	0.05760216207100618
cao2m	25	1000	BHATTACHARYYA_METRIC	0.1	0	1	True	10000	29.030311107635498	1076156.875	0.07170840907739374	206.9264748096466	820819.4163254797	0.20138356542846167
cao2m	25	1000	TOTAL_VARIATION_DISTANCE	0.1	0	1	True	10000	28.19415283203125	1092135.625	0.06801893248250024	262.239511013031	1092135.4460305125	0.03226273992447632
cao2m	25	1000	COSINE_DISTANCE	0.1	0	1	True	10000	32.90461754798889	639625.75	0.06767226716321237	205.5620687007904	515009.5668374951	0.12988520479866048
