#args=Namespace(nthreads=20, maxiter=50, ncheckins=5, lspp=0, n_local_trials=1, mbsize=10000, msr=['3', '4', '5', '7', '9'], prior=1.0, dataset='cao2m', hvg=500, densify=False, topnorm=False, k=25)
#pref:60151505.
#cao2m	HVGene500	74.57990837097168
#Dataset	k	numberHVG	Measure	Prior	LocalsearchRounds	NumLocalTrials	Densified	MinibatchSize	KmeansplusplusTime	KmeansplusplusCost	KMeansplusplusARI	KMeansTime	KMeansCost	KMeansARI
cao2m	25	500	SQRL2	1.0	0	1	False	10000	25.63676691055298	2873983299.0	4.422421613807466	38.63740634918213	1933746432.0	-0.7696790421322027
cao2m	25	500	JSM	1.0	0	1	False	10000	25.81900691986084	412269.3988557122	-4.085250243508136	83.87632513046265	341303.8125	-1.096803187146417
cao2m	25	500	JSD	1.0	0	1	False	10000	26.883724212646484	92645.62797987089	0.0033507820009800286	82.73753046989441	59459.8359375	-1.1472558580087093
cao2m	25	500	MKL	1.0	0	1	False	10000	24.629653453826904	355943.49713028595	2.4208846966419246	70.48837161064148	238992.390625	1.9197088434783967
cao2m	25	500	BHATTACHARYYA_METRIC	1.0	0	1	False	10000	17.00862216949463	436859.6678248765	1.3063801263133692	40.436392307281494	372207.59375	6.590885323054958
cao2m	25	500	TOTAL_VARIATION_DISTANCE	1.0	0	1	False	10000	21.904471158981323	435674.00190517487	-1.3746709996694702