#args=Namespace(nthreads=20, maxiter=50, ncheckins=5, lspp=0, n_local_trials=1, mbsize=10000, msr=['3', '4', '5', '7', '9', '15'], prior=0.01, dataset='cao2m', hvg=1000, densify=True, topnorm=False, k=25)
#pref:03158405.
#cao2m	HVGene1000	93.77340078353882
#cao2m	DensifyHVG1000	5.802431583404541
#Dataset	k	numberHVG	Measure	Prior	LocalsearchRounds	NumLocalTrials	Densified	MinibatchSize	KmeansplusplusTime	KmeansplusplusCost	KMeansplusplusARI	KMeansTime	KMeansCost	KMeansARI
cao2m	25	1000	SQRL2	0.01	0	1	True	10000	40.162505865097046	3807374592.0	0.006182475716452257	218.79608416557312	2277432224.665161	0.018956487159000605
cao2m	25	1000	JSM	0.01	0	1	True	10000	18.298828125	1245365.25	0.10033997753816785	117.14765858650208	1081265.6362676783	0.31994788846923683
cao2m	25	1000	JSD	0.01	0	1	True	10000	16.194069147109985	771870.1875	0.08094321376094557	143.66316652297974	573679.6739839092	0.30276111428100505
cao2m	25	1000	MKL	0.01	0	1	True	10000	26.090255975723267	5401946.5	0.06033462236816344	203.10842370986938	3853069.270530343	0.12481315984141546
cao2m	25	1000	BHATTACHARYYA_METRIC	0.01	0	1	True	10000	28.58627200126648	1420915.375	0.14024284086157804	234.85484910011292	1159124.5386357824	0.2731964054233088
cao2m	25	1000	TOTAL_VARIATION_DISTANCE	0.01	0	1	True	10000	30.479799270629883	1387941.375	0.09765966307503943	296.1197555065155	1387941.447684437	0.10555649203425577
cao2m	25	1000	COSINE_DISTANCE	0.01	0	1	True	10000	33.18512225151062	660544.1875	0.06095506182025307	238.61666440963745	542324.48401972	0.12324194119342184
