#args=Namespace(dataset='cao2m', densify=False, hvg=1000, k=25, lspp=0, maxiter=50, mbsize=10000, msr=['3', '4', '5', '7', '9'], n_local_trials=1, ncheckins=5, nthreads=20, prior=0.01, topnorm=False)
#pref:95205352.
#cao2m	HVGene1000	82.46323680877686
#Dataset	k	numberHVG	Measure	Prior	LocalsearchRounds	NumLocalTrials	Densified	MinibatchSize	KmeansplusplusTime	KmeansplusplusCost	KMeansplusplusARI	KMeansTime	KMeansCost	KMeansARI
cao2m	25	1000	SQRL2	0.01	0	1	False	10000	33.726319313049316	3807374122.0	0.006182475716452257	69.7610445022583	2277430272.0	0.018956487159000605
cao2m	25	1000	JSM	0.01	0	1	False	10000	33.77935004234314	1245365.2453769746	0.10034038199114652	151.54844641685486	1081265.125	0.31312196963092837
cao2m	25	1000	JSD	0.01	0	1	False	10000	33.632025480270386	771870.1545775384	0.08094341759143908	152.4955723285675	573962.625	0.3004924607763706
cao2m	25	1000	MKL	0.01	0	1	False	10000	28.632361888885498	5401948.718984246	0.060334794992293536	120.93517851829529	3864218.0	0.05936606832007924
cao2m	25	1000	BHATTACHARYYA_METRIC	0.01	0	1	False	10000	21.341497898101807	1396872.58171518	0.13515365388979694	90.707515001297	1257387.75	0.265354235404969
cao2m	25	1000	TOTAL_VARIATION_DISTANCE	0.01	0	1	False	10000	24.463326692581177	1387941.4422400782	0.09765952616068228