#args=Namespace(nthreads=20, maxiter=50, ncheckins=5, lspp=0, n_local_trials=1, mbsize=10000, msr=['3', '4', '5', '7', '9', '15'], prior=1.0, dataset='cao2m', hvg=1000, densify=True, topnorm=False, k=25)
#pref:86024703.
#cao2m	HVGene1000	96.79750657081604
#cao2m	DensifyHVG1000	6.842393636703491
#Dataset	k	numberHVG	Measure	Prior	LocalsearchRounds	NumLocalTrials	Densified	MinibatchSize	KmeansplusplusTime	KmeansplusplusCost	KMeansplusplusARI	KMeansTime	KMeansCost	KMeansARI
cao2m	25	1000	SQRL2	1.0	0	1	True	10000	43.761478424072266	3807374592.0	0.006182475716452257	223.2119698524475	2277432224.665161	0.018956487159000605
cao2m	25	1000	JSM	1.0	0	1	True	10000	21.63712191581726	368732.40625	0.011500898972615779	166.81632113456726	306906.6997827334	0.0273035839488719
cao2m	25	1000	JSD	1.0	0	1	True	10000	21.761881113052368	73652.28125	0.019838550820632638	164.88958525657654	48412.849545306526	0.02729225801018215
cao2m	25	1000	MKL	1.0	0	1	True	10000	13.555701494216919	281105.96875	0.022063202868063524	122.49160742759705	194747.01675023697	0.007355599676589053
cao2m	25	1000	BHATTACHARYYA_METRIC	1.0	0	1	True	10000	20.44060492515564	387988.875	0.01483332864249672	182.1982319355011	310211.05807725707	0.025939364647568363
cao2m	25	1000	TOTAL_VARIATION_DISTANCE	1.0	0	1	True	10000	30.831507444381714	372995.59375	0.045138068811972853	261.20249128341675	372995.5256631747	0.017355632275205788
cao2m	25	1000	COSINE_DISTANCE	1.0	0	1	True	10000	32.97889256477356	375951.53125	0.017307572808253218	218.45899629592896	302661.3050575533	0.05606678864276454
