#args=Namespace(nthreads=20, maxiter=50, ncheckins=5, lspp=0, n_local_trials=1, mbsize=10000, msr=['3', '4', '5', '7', '9', '15'], prior=1.0, dataset='cao2m', hvg=500, densify=True, topnorm=False, k=25)
#pref:27621216.
#cao2m	HVGene500	86.08723664283752
#cao2m	DensifyHVG500	3.0021450519561768
#Dataset	k	numberHVG	Measure	Prior	LocalsearchRounds	NumLocalTrials	Densified	MinibatchSize	KmeansplusplusTime	KmeansplusplusCost	KMeansplusplusARI	KMeansTime	KMeansCost	KMeansARI
cao2m	25	500	SQRL2	1.0	0	1	True	10000	37.03029012680054	2873984000.0	0.007439551265120133	236.2971932888031	1933699485.4352531	0.024297194175898564
cao2m	25	500	JSM	1.0	0	1	True	10000	26.65094757080078	412269.3125	0.009160836293627206	210.49027633666992	341114.9020671331	0.047169883893793556
cao2m	25	500	JSD	1.0	0	1	True	10000	28.844624280929565	92645.5625	0.027520114388441038	196.09991979599	59492.35625573946	0.04457235914995877
cao2m	25	500	MKL	1.0	0	1	True	10000	30.605156660079956	355943.5625	0.016813011060377532	239.39735579490662	238992.12750519253	0.014609024268149255
cao2m	25	500	BHATTACHARYYA_METRIC	1.0	0	1	True	10000	30.394619941711426	438327.625	0.029942650644301145	203.15415716171265	345078.9844828981	0.045650698707414006
cao2m	25	500	TOTAL_VARIATION_DISTANCE	1.0	0	1	True	10000	28.614150285720825	435674.125	0.04839382783601124	253.0940499305725	435674.00095948414	0.015753420245969763
cao2m	25	500	COSINE_DISTANCE	1.0	0	1	True	10000	30.740084409713745	395801.3125	0.019640289862303956	199.17745637893677	320743.4065830549	0.05900364669398215
