#args=Namespace(nthreads=20, maxiter=50, ncheckins=5, lspp=0, n_local_trials=1, mbsize=10000, msr=['3', '4', '5', '7', '9', '15'], prior=0.1, dataset='cao2m', hvg=50, densify=True, topnorm=False, k=25)
#pref:97493115.
#cao2m	HVGene50	88.2814462184906
#cao2m	DensifyHVG50	0.34451937675476074
#Dataset	k	numberHVG	Measure	Prior	LocalsearchRounds	NumLocalTrials	Densified	MinibatchSize	KmeansplusplusTime	KmeansplusplusCost	KMeansplusplusARI	KMeansTime	KMeansCost	KMeansARI
cao2m	25	50	SQRL2	0.1	0	1	True	10000	30.223358869552612	1433145472.0	0.010683155671368507	216.35458421707153	919366376.2048402	0.017508218356283755
cao2m	25	50	JSM	0.1	0	1	True	10000	31.915213584899902	792627.625	0.0883456726666589	203.92734789848328	670627.4643833137	0.12654988643010437
cao2m	25	50	JSD	0.1	0	1	True	10000	28.77768301963806	317803.65625	0.08109876616796084	211.98359775543213	223466.19436061755	0.1260317383898519
cao2m	25	50	MKL	0.1	0	1	True	10000	31.59734606742859	1557197.75	0.06957828180803825	211.02784991264343	1204348.755557865	0.061664332631534674
cao2m	25	50	BHATTACHARYYA_METRIC	0.1	0	1	True	10000	27.309450387954712	845358.3125	0.09129154497057457	214.54287123680115	696734.0131668474	0.12244069955821064
cao2m	25	50	TOTAL_VARIATION_DISTANCE	0.1	0	1	True	10000	30.24610924720764	864064.625	0.07264561221031539	204.79117608070374	864064.746607689	0.029362595662289513
cao2m	25	50	COSINE_DISTANCE	0.1	0	1	True	10000	31.316633701324463	439755.25	0.05676549074163748	196.64385557174683	361154.23043819674	0.07817433408457143
