#args=Namespace(nthreads=20, maxiter=50, ncheckins=5, lspp=0, n_local_trials=1, mbsize=10000, msr=['3', '4', '5', '7', '9', '15'], prior=0.1, dataset='cao2m', hvg=500, densify=True, topnorm=False, k=25)
#pref:71571756.
#cao2m	HVGene500	86.971120595932
#cao2m	DensifyHVG500	3.0007927417755127
#Dataset	k	numberHVG	Measure	Prior	LocalsearchRounds	NumLocalTrials	Densified	MinibatchSize	KmeansplusplusTime	KmeansplusplusCost	KMeansplusplusARI	KMeansTime	KMeansCost	KMeansARI
cao2m	25	500	SQRL2	0.1	0	1	True	10000	37.7052948474884	2873984000.0	0.007439551265120133	217.8090193271637	1933699485.4352531	0.024297194175898564
cao2m	25	500	JSM	0.1	0	1	True	10000	29.52842688560486	984152.5625	0.07788451199545564	183.47786140441895	792040.8759041118	0.24291895764561566
cao2m	25	500	JSD	0.1	0	1	True	10000	22.012979745864868	490529.75	0.12102445444625955	122.36618137359619	305315.0190375447	0.26249496125224037
cao2m	25	500	MKL	0.1	0	1	True	10000	22.841814279556274	2481458.75	0.08945311850322539	153.08209919929504	1495189.427283883	0.08921188661298812
cao2m	25	500	BHATTACHARYYA_METRIC	0.1	0	1	True	10000	20.88252019882202	1066095.875	0.14732557872122523	171.47585916519165	818870.9911380995	0.2560539345921691
cao2m	25	500	TOTAL_VARIATION_DISTANCE	0.1	0	1	True	10000	21.278409957885742	1096754.125	0.07771026298974018	210.1631519794464	1096753.9172413666	0.061599580669906846
cao2m	25	500	COSINE_DISTANCE	0.1	0	1	True	10000	29.961360692977905	599870.625	0.056734915942671084	198.6034653186798	490646.1195279381	0.12188299472244465
