#args=Namespace(nthreads=20, maxiter=50, ncheckins=5, lspp=0, n_local_trials=1, mbsize=10000, msr=['3', '4', '5', '7', '9'], prior=1.0, dataset='cao2m', hvg=50, densify=False, topnorm=False, k=25)
#pref:41919826.
#cao2m	HVGene50	69.68112778663635
#Dataset	k	numberHVG	Measure	Prior	LocalsearchRounds	NumLocalTrials	Densified	MinibatchSize	KmeansplusplusTime	KmeansplusplusCost	KMeansplusplusARI	KMeansTime	KMeansCost	KMeansARI
cao2m	25	50	SQRL2	1.0	0	1	False	10000	8.365455150604248	1433145329.0	-1.1338984956353757	7.798654794692993	919365632.0	1.1093682793985682
cao2m	25	50	JSM	1.0	0	1	False	10000	8.881330013275146	466601.27900716185	1.6491301054625989	13.875730514526367	397080.65625	3.201324380276719
cao2m	25	50	JSD	1.0	0	1	False	10000	11.066638231277466	123266.60855950345	-5.428081789412295	13.684808492660522	80018.5	-2.380317537169571
cao2m	25	50	MKL	1.0	0	1	False	10000	10.919824361801147	495262.8486901242	1.448063471800714	11.1404869556427	332573.0625	1.6217497110392294
cao2m	25	50	BHATTACHARYYA_METRIC	1.0	0	1	False	10000	10.439687728881836	537162.9818642939	-2.705933768352495	8.397630214691162	445978.25	-1.004862014971575
cao2m	25	50	TOTAL_VARIATION_DISTANCE	1.0	0	1	False	10000	10.951951026916504	542612.4335270028	-7.385628261131761