#args=Namespace(nthreads=20, maxiter=50, ncheckins=5, lspp=0, n_local_trials=1, mbsize=10000, msr=['3', '4', '5', '7', '9', '15'], prior=0.01, dataset='cao4m', hvg=500, densify=True, topnorm=False, k=25)
#pref:85702395.
#cao4m	HVGene500	309.9292540550232
#cao4m	DensifyHVG500	5.938538551330566
#Dataset	k	numberHVG	Measure	Prior	LocalsearchRounds	NumLocalTrials	Densified	MinibatchSize	KmeansplusplusTime	KmeansplusplusCost	KMeansplusplusARI	KMeansTime	KMeansCost	KMeansARI
cao4m	25	500	SQRL2	0.01	0	1	True	10000	67.98620080947876	13367124992.0	-0.03669278318821207	357.64915919303894	8933963496.25483	-0.024047163120822487
cao4m	25	500	JSM	0.01	0	1	True	10000	25.07982611656189	2317734.25	0.18495679774785864	192.417418718338	1923725.7276238888	0.14305001894364652
cao4m	25	500	JSD	0.01	0	1	True	10000	31.93532967567444	1403732.5	0.1807246687432438	290.79687905311584	942751.6153159067	0.18021848427515247
cao4m	25	500	MKL	0.01	0	1	True	10000	64.22073554992676	10864209.0	0.09635547338113946	400.7293050289154	6714879.755790155	0.15581578218766334
cao4m	25	500	BHATTACHARYYA_METRIC	0.01	0	1	True	10000	58.680601358413696	2605615.0	0.11178445908006014	397.6858141422272	2063652.6252296069	0.13660057158837313
cao4m	25	500	TOTAL_VARIATION_DISTANCE	0.01	0	1	True	10000	63.06864356994629	2534433.5	0.13990503881153574	416.69831562042236	2534433.3699269127	0.23563319794261245
cao4m	25	500	COSINE_DISTANCE	0.01	0	1	True	10000	55.66573119163513	1329264.0	0.09885369812511283	413.10773754119873	1047314.1548341503	0.11557669009052302
