#args=Namespace(dataset='cao4m', densify=False, hvg=1000, k=25, lspp=0, maxiter=50, mbsize=10000, msr=['3', '4', '5', '7', '9'], n_local_trials=1, ncheckins=5, nthreads=20, prior=0.01, topnorm=False)
#pref:61081184.
#cao4m	HVGene1000	1724.4733746051788
#Dataset	k	numberHVG	Measure	Prior	LocalsearchRounds	NumLocalTrials	Densified	MinibatchSize	KmeansplusplusTime	KmeansplusplusCost	KMeansplusplusARI	KMeansTime	KMeansCost	KMeansARI
cao4m	25	1000	SQRL2	0.01	0	1	False	10000	63.68407487869263	15130117868.0	-0.03731989987873394	140.03766441345215	10060529664.0	-0.016048905018807288
cao4m	25	1000	JSM	0.01	0	1	False	10000	54.52519178390503	2444220.8076951294	0.22084727652101607	284.7263491153717	2043695.125	0.1548324816510395
cao4m	25	1000	JSD	0.01	0	1	False	10000	51.51006770133972	1545117.6389726773	0.16241402931179347	278.93530011177063	1061048.0	0.14982338590369843
cao4m	25	1000	MKL	0.01	0	1	False	10000	45.427489042282104	11899661.5145967	0.1007287082623966	217.71603226661682	7151716.0	0.15042479132128864
cao4m	25	1000	BHATTACHARYYA_METRIC	0.01	0	1	False	10000	31.466492414474487	2724854.866158554	0.11755382834392414	127.02402377128601	2353478.0	0.14572655684344513
cao4m	25	1000	TOTAL_VARIATION_DISTANCE	0.01	0	1	False	10000	32.27194666862488	2694125.2511895443	0.13703121482278263	221.54912424087524	2694124.0	0.19245386591465058
