#args=Namespace(dataset='cao4m', densify=False, hvg=2500, k=25, lspp=25, maxiter=50, mbsize=10000, msr=['3', '4', '5', '7', '9'], n_local_trials=1, ncheckins=5, nthreads=20, prior=1.0, topnorm=False)
#pref:04755028.
#cao4m	HVGene2500	483.2316679954529
#Dataset	k	numberHVG	Measure	Prior	LocalsearchRounds	NumLocalTrials	Densified	MinibatchSize	KmeansplusplusTime	KmeansplusplusCost	KMeansplusplusARI	KMeansTime	KMeansCost	KMeansARI
cao4m	25	2500	SQRL2	1.0	25	1	False	10000	417.4352433681488	15945425879.0	-0.043950223081476114	425.88231682777405	11475274752.0	-0.024312330017863593
cao4m	25	2500	JSM	1.0	25	1	False	10000	457.20586824417114	635016.1834490658	0.15464450872892316	767.1930983066559	513729.84375	0.004333183735337961
cao4m	25	2500	JSD	1.0	25	1	False	10000	477.0033218860626	105628.2821840616	0.09837769412284773	763.4829714298248	70309.4375	-0.027747973530098183
cao4m	25	2500	MKL	1.0	25	1	False	10000	425.85653424263	451348.62271052226	-0.0180178578214848	608.2634706497192	286472.65625	-0.012976946438578026
cao4m	25	2500	BHATTACHARYYA_METRIC	1.0	25	1	False	10000	398.51793670654297	542736.6775223698	0.036466254751453715	446.7122211456299	481774.375	0.17328406611509722
cao4m	25	2500	TOTAL_VARIATION_DISTANCE	1.0	25	1	False	10000	396.85012316703796	556993.9544614179	0.0007701206297114105