#args=Namespace(nthreads=20, maxiter=50, ncheckins=5, lspp=0, n_local_trials=1, mbsize=10000, msr=['3', '4', '5', '7', '9', '15'], prior=1.0, dataset='cao4m', hvg=1000, densify=True, topnorm=False, k=25)
#pref:77835864.
#cao4m	HVGene1000	339.67956280708313
#cao4m	DensifyHVG1000	11.563559532165527
#Dataset	k	numberHVG	Measure	Prior	LocalsearchRounds	NumLocalTrials	Densified	MinibatchSize	KmeansplusplusTime	KmeansplusplusCost	KMeansplusplusARI	KMeansTime	KMeansCost	KMeansARI
cao4m	25	1000	SQRL2	1.0	0	1	True	10000	82.43489980697632	15130118144.0	-0.03731989987873394	380.27232789993286	10028237187.014149	-0.011217430009618575
cao4m	25	1000	JSM	1.0	0	1	True	10000	40.753527879714966	780206.3125	0.11890671976183417	267.13009810447693	617720.590522504	-0.027197373685757795
cao4m	25	1000	JSD	1.0	0	1	True	10000	39.676615715026855	176348.84375	0.039046917651917375	256.4631836414337	100778.26753082918	-0.03149684817760377
cao4m	25	1000	MKL	1.0	0	1	True	10000	35.09412097930908	647407.4375	-0.013869229243382143	304.8663487434387	411144.8406220656	-0.04184056420758876
cao4m	25	1000	BHATTACHARYYA_METRIC	1.0	0	1	True	10000	72.51530742645264	772830.9375	-0.01540874173709836	429.55208373069763	623078.5268511672	-0.018048039983121402
cao4m	25	1000	TOTAL_VARIATION_DISTANCE	1.0	0	1	True	10000	68.69103288650513	756018.3125	-0.0018376242526945555	588.8076913356781	756017.8693194799	0.09697744905585073
cao4m	25	1000	COSINE_DISTANCE	1.0	0	1	True	10000	66.7545166015625	812191.625	0.04787445795715666	425.2425286769867	635155.8300123927	0.06651606354627249
