#args=Namespace(dataset='cao4m', densify=False, hvg=5000, k=25, lspp=25, maxiter=50, mbsize=10000, msr=['3', '4', '5', '7', '9'], n_local_trials=1, ncheckins=5, nthreads=20, prior=0.01, topnorm=False)
#pref:.1004987.
#cao4m	HVGene5000	10776.105100870132
#Dataset	k	numberHVG	Measure	Prior	LocalsearchRounds	NumLocalTrials	Densified	MinibatchSize	KmeansplusplusTime	KmeansplusplusCost	KMeansplusplusARI	KMeansTime	KMeansCost	KMeansARI
cao4m	25	5000	SQRL2	0.01	25	1	False	10000	624.0881474018097	18680316557.0	-0.03527361752805115	655.4492890834808	12310405120.0	-0.02116235038812197
cao4m	25	5000	JSM	0.01	25	1	False	10000	677.5081331729889	2640444.642524587	0.14409255596113874	1387.6482026576996	2221278.25	0.15065145738458766
cao4m	25	5000	JSD	0.01	25	1	False	10000	556.9510931968689	1740436.8293561488	0.11447075087242936	1324.7957158088684	1230603.5	0.16621128209373948
cao4m	25	5000	MKL	0.01	25	1	False	10000	464.20676493644714	12188554.37375474	0.10858496054887014	991.0440952777863	7162442.5	0.08523832058414701
cao4m	25	5000	BHATTACHARYYA_METRIC	0.01	25	1	False	10000	359.6588714122772	2935605.598740667	0.08519669962090039	578.1021308898926	2646104.0	0.18758568780738297
cao4m	25	5000	TOTAL_VARIATION_DISTANCE	0.01	25	1	False	10000	371.10989570617676	2925419.862941501	0.08319843978367673	1181.6795995235443	2925415.25	0.09429753403722717
