#args=Namespace(dataset='cao4m', densify=False, hvg=50, k=25, lspp=25, maxiter=50, mbsize=10000, msr=['3', '4', '5', '7', '9'], n_local_trials=1, ncheckins=5, nthreads=20, prior=0.1, topnorm=False)
#pref:40776262.
#cao4m	HVGene50	800.2371490001678
#Dataset	k	numberHVG	Measure	Prior	LocalsearchRounds	NumLocalTrials	Densified	MinibatchSize	KmeansplusplusTime	KmeansplusplusCost	KMeansplusplusARI	KMeansTime	KMeansCost	KMeansARI
cao4m	25	50	SQRL2	0.1	25	1	False	10000	125.65204405784607	6313598347.0	-0.036375666986194787	18.489681482315063	4607820800.0	-0.02666563083312893
cao4m	25	50	JSM	0.1	25	1	False	10000	116.27094197273254	1598718.5529615337	0.03917602569045165	31.74320697784424	1296984.0	0.10085469536752444
cao4m	25	50	JSD	0.1	25	1	False	10000	105.36549639701843	628699.937616555	0.11997351774360969	31.0496563911438	431499.75	0.1118792461816743
cao4m	25	50	MKL	0.1	25	1	False	10000	129.2976312637329	3216272.44996021	0.06577106829731191	26.58478569984436	2338185.0	0.11229247674669073
cao4m	25	50	BHATTACHARYYA_METRIC	0.1	25	1	False	10000	64.11857962608337	1675060.8268183537	0.07691007602249675	19.41257405281067	1421177.625	0.10427541678887103
cao4m	25	50	TOTAL_VARIATION_DISTANCE	0.1	25	1	False	10000	101.12744855880737	1714537.039078942	0.07616184487747864	23.350914478302002	1714528.25	0.08995589602036361
