#args=Namespace(nthreads=20, maxiter=50, ncheckins=5, lspp=0, n_local_trials=1, mbsize=10000, msr=['3', '4', '5', '7', '9', '15'], prior=0.01, dataset='cao4m', hvg=50, densify=True, topnorm=False, k=25)
#pref:42124936.
#cao4m	HVGene50	308.24148654937744
#cao4m	DensifyHVG50	0.7005918025970459
#Dataset	k	numberHVG	Measure	Prior	LocalsearchRounds	NumLocalTrials	Densified	MinibatchSize	KmeansplusplusTime	KmeansplusplusCost	KMeansplusplusARI	KMeansTime	KMeansCost	KMeansARI
cao4m	25	50	SQRL2	0.01	0	1	True	10000	54.52272939682007	6957875712.0	-0.030463158314400097	374.9322271347046	4791223402.742039	-0.019302230340364893
cao4m	25	50	JSM	0.01	0	1	True	10000	61.861263275146484	1800708.75	0.10752348111893527	438.10185289382935	1520849.969826224	0.12152874914146357
cao4m	25	50	JSD	0.01	0	1	True	10000	68.27755546569824	852436.8125	0.14168998964588697	443.07645988464355	607145.5280218427	0.1228959426216781
cao4m	25	50	MKL	0.01	0	1	True	10000	62.644599199295044	5241043.0	0.07721039250694225	384.9911472797394	4928106.403877499	0.1703375309735783
cao4m	25	50	BHATTACHARYYA_METRIC	0.01	0	1	True	10000	56.692585706710815	1986844.875	0.14140009296262027	399.2543144226074	1631775.543350703	0.11105837371381072
cao4m	25	50	TOTAL_VARIATION_DISTANCE	0.01	0	1	True	10000	63.00660824775696	1894082.125	0.1150075570606853	389.48331022262573	1823382.9332383755	0.11456416869686645
cao4m	25	50	COSINE_DISTANCE	0.01	0	1	True	10000	59.6930730342865	980869.4375	0.07508692402301531	384.60677456855774	811312.8842141598	0.06889151049720221
