#args=Namespace(nthreads=20, maxiter=50, ncheckins=5, lspp=0, n_local_trials=1, mbsize=10000, msr=['3', '4', '5', '7', '9', '15'], prior=1.0, dataset='cao4m', hvg=500, densify=True, topnorm=False, k=25)
#pref:67744617.
#cao4m	HVGene500	312.1305236816406
#cao4m	DensifyHVG500	6.0254902839660645
#Dataset	k	numberHVG	Measure	Prior	LocalsearchRounds	NumLocalTrials	Densified	MinibatchSize	KmeansplusplusTime	KmeansplusplusCost	KMeansplusplusARI	KMeansTime	KMeansCost	KMeansARI
cao4m	25	500	SQRL2	1.0	0	1	True	10000	72.92848634719849	13367124992.0	-0.03669278318821207	412.002238035202	8933963496.25483	-0.024047163120822487
cao4m	25	500	JSM	1.0	0	1	True	10000	30.271522521972656	847924.125	-0.020982317076978056	298.31786346435547	681412.8158026958	-0.022385143833907592
cao4m	25	500	JSD	1.0	0	1	True	10000	28.83477258682251	222053.390625	0.06834164225728764	317.4055001735687	122013.00087767141	-0.02520337857752832
cao4m	25	500	MKL	1.0	0	1	True	10000	64.02500534057617	797516.5625	-0.04308104354796733	379.2311384677887	501996.50136472844	-0.04295921116529205
cao4m	25	500	BHATTACHARYYA_METRIC	1.0	0	1	True	10000	60.401562213897705	865191.1875	0.03546876108609663	349.20155024528503	689814.6005119156	0.065426125372703
cao4m	25	500	TOTAL_VARIATION_DISTANCE	1.0	0	1	True	10000	50.86317467689514	878724.0	0.04294404817750588	436.4199559688568	878724.2784938633	0.21629045344288966
cao4m	25	500	COSINE_DISTANCE	1.0	0	1	True	10000	51.96384811401367	856054.125	0.0770049599825291	409.1479985713959	663935.2503286367	0.0698703506794283
