#args=Namespace(dataset='cao4m', densify=False, hvg=-1, k=25, lspp=25, maxiter=50, mbsize=10000, msr=['3', '4', '5', '7'], n_local_trials=1, ncheckins=5, nthreads=20, prior=1.0, topnorm=False)
#pref:77351116.
#Dataset	k	numberHVG	Measure	Prior	LocalsearchRounds	NumLocalTrials	Densified	MinibatchSize	KmeansplusplusTime	KmeansplusplusCost	KMeansplusplusARI	KMeansTime	KMeansCost	KMeansARI
cao4m	25	-1	SQRL2	1.0	25	1	False	10000	616.9877750873566	19768099101.0	-0.03145861238138876	1713.1311619281769	13385390080.0	-0.02261581808576367
cao4m	25	-1	JSM	1.0	25	1	False	10000	649.6838600635529	179260.97577127058	-0.040724544594909234	2771.4319009780884	148391.015625	0.10365600738665054
cao4m	25	-1	JSD	1.0	25	1	False	10000	720.3811266422272	9065.098730270343	-0.034834712846125306	2759.7384238243103	6411.4189453125	-0.010854928431054489
cao4m	25	-1	MKL	1.0	25	1	False	10000	748.0609149932861	35928.58703362825	-0.030217619510611964	2333.540754556656	26294.197265625	0.00881774316981597
cao4m	25	-1	BHATTACHARYYA_METRIC	1.0	25	1	False	10000	615.0710716247559	51774.46784422057	-0.01771348324312131	1857.0108046531677	50156.57421875	-0.03186025474972505
