#args=Namespace(dataset='cao4m', densify=False, hvg=2500, k=25, lspp=25, maxiter=50, mbsize=10000, msr=['3', '4', '5', '7', '9'], n_local_trials=1, ncheckins=5, nthreads=20, prior=0.01, topnorm=False)
#pref:46233985.
#cao4m	HVGene2500	5607.064417600632
#Dataset	k	numberHVG	Measure	Prior	LocalsearchRounds	NumLocalTrials	Densified	MinibatchSize	KmeansplusplusTime	KmeansplusplusCost	KMeansplusplusARI	KMeansTime	KMeansCost	KMeansARI
cao4m	25	2500	SQRL2	0.01	25	1	False	10000	378.38764333724976	17124076317.0	-0.04009656336848135	353.3558945655823	11538870272.0	-0.022099915686131726
cao4m	25	2500	JSM	0.01	25	1	False	10000	414.1571204662323	2578353.6443225495	0.1668053482095614	748.4862241744995	2172811.0	0.18415159113480292
cao4m	25	2500	JSD	0.01	25	1	False	10000	418.9265995025635	1664986.3346496373	0.10632925608628929	718.969907283783	1188196.5	0.17856109333274975
cao4m	25	2500	MKL	0.01	25	1	False	10000	355.2347059249878	11878391.979851902	0.07806766879940594	581.3856256008148	7385623.0	0.10481177186232178
cao4m	25	2500	BHATTACHARYYA_METRIC	0.01	25	1	False	10000	268.19442200660706	2877799.0306635154	0.10012452600100806	329.4694650173187	2572229.25	0.17163654893918734
cao4m	25	2500	TOTAL_VARIATION_DISTANCE	0.01	25	1	False	10000	279.5959780216217	2865291.8560839267	0.10234211098802384	684.639363527298	2865286.0	0.16999881616614032
