#args=Namespace(dataset='cao4m', densify=False, hvg=50, k=25, lspp=0, maxiter=50, mbsize=10000, msr=['3', '4', '5', '7', '9'], n_local_trials=1, ncheckins=5, nthreads=20, prior=0.01, topnorm=False)
#pref:51845844.
#cao4m	HVGene50	400.651704788208
#Dataset	k	numberHVG	Measure	Prior	LocalsearchRounds	NumLocalTrials	Densified	MinibatchSize	KmeansplusplusTime	KmeansplusplusCost	KMeansplusplusARI	KMeansTime	KMeansCost	KMeansARI
cao4m	25	50	SQRL2	0.01	0	1	False	10000	31.216092109680176	6957876558.0	-0.030463158314400097	14.319334030151367	4791227392.0	-0.019302230340364893
cao4m	25	50	JSM	0.01	0	1	False	10000	20.00453519821167	1800708.3011893341	0.1075236071187393	25.942689418792725	1520855.75	0.12152874914146357
cao4m	25	50	JSD	0.01	0	1	False	10000	18.603821516036987	852437.1660506567	0.14168967345878544	25.932703733444214	607149.0625	0.1228959426216781
cao4m	25	50	MKL	0.01	0	1	False	10000	18.50034785270691	5241040.815550641	0.07721039250694225	20.492873668670654	4928122.0	0.17033748165811055
cao4m	25	50	BHATTACHARYYA_METRIC	0.01	0	1	False	10000	21.98132300376892	1878160.1525008057	0.1222664913221397	13.827273845672607	1594043.25	0.09897512492679603
cao4m	25	50	TOTAL_VARIATION_DISTANCE	0.01	0	1	False	10000	22.656697273254395	1894081.55194571	0.11500763179181489	18.550678730010986	1823319.75	0.11478283508295674
