#args=Namespace(dataset='pbmc', densify=False, hvg=500, k=25, lspp=25, maxiter=50, mbsize=10000, msr=['3', '4', '5', '7', '15'], n_local_trials=1, ncheckins=5, nthreads=20, prior=1.0)
#pref:24385463.
#pbmc	HVGene500	20.022377967834473
#Dataset	k	numberHVG	Measure	Prior	LocalsearchRounds	NumLocalTrials	Densified	MinibatchSize	KmeansplusplusTime	KmeansplusplusCost	KMeansplusplusARI	KMeansTime	KMeansCost	KMeansARI
pbmc	25	500	SQRL2	1.0	25	1	False	10000	2.86081600189209	173378175.0	0.09546622895977262	7.239269256591797	100449536.0	0.11018788039478365
pbmc	25	500	JSM	1.0	25	1	False	10000	4.141109466552734	13018.702841070222	0.09557537726227043	12.243452310562134	9622.1103515625	0.17407658566176942
pbmc	25	500	JSD	1.0	25	1	False	10000	4.163531303405762	2531.7373451925814	0.1689852545439304	12.213500261306763	1357.8209228515625	0.16891919342187106
pbmc	25	500	MKL	1.0	25	1	False	10000	3.3887596130371094	10341.460295431316	0.10459733956660248	10.147112369537354	5636.423828125	0.19870511672747626
pbmc	25	500	BHATTACHARYYA_METRIC	1.0	25	1	False	10000	2.714740037918091	13737.318746324985	0.11260658351377135	9.540802240371704	10700.5	0.2907571768974776
pbmc	25	500	COSINE_DISTANCE	1.0	25	1	False	10000	2.74078369140625	13216.507905246424	0.07211482397259805	7.386325120925903	6754.00390625	0.11967105190522478
