#args=Namespace(dataset='cao4m', densify=False, hvg=500, k=25, lspp=25, maxiter=50, mbsize=10000, msr=['3', '4', '5', '7', '15'], n_local_trials=1, ncheckins=5, nthreads=20, prior=1.0)
#pref:81974407.
#cao4m	HVGene500	2187.358511686325
#Dataset	k	numberHVG	Measure	Prior	LocalsearchRounds	NumLocalTrials	Densified	MinibatchSize	KmeansplusplusTime	KmeansplusplusCost	KMeansplusplusARI	KMeansTime	KMeansCost	KMeansARI
cao4m	25	500	SQRL2	1.0	25	1	False	10000	143.94586372375488	13142890527.0	-0.045165863649620754	112.42532992362976	8914333696.0	-0.010175198957600046
cao4m	25	500	JSM	1.0	25	1	False	10000	164.17841506004333	840386.6148233362	-0.026769204128228603	223.37824249267578	678676.375	-0.006720177112966918
cao4m	25	500	JSD	1.0	25	1	False	10000	174.13296175003052	189430.66725059692	-0.05328150941878493	227.13376903533936	121120.8828125	-0.007869914233209664
cao4m	25	500	MKL	1.0	25	1	False	10000	139.6625461578369	849964.1916418299	0.03446423405777263	178.21427607536316	505742.125	-0.05593190885420661
cao4m	25	500	BHATTACHARYYA_METRIC	1.0	25	1	False	10000	99.35871386528015	849274.8141054106	0.04097700267751185	117.32981824874878	711243.5	0.09784364886295685
cao4m	25	500	COSINE_DISTANCE	1.0	25	1	False	10000	102.60591173171997	1439562.0686983918	0.19592184973760002	125.67079138755798	677844.4375	0.03508328184418886
