#args=Namespace(dataset='cao4m', densify=False, hvg=-1, k=25, lspp=0, maxiter=50, mbsize=10000, msr=['3', '4', '5', '7', '15'], n_local_trials=1, ncheckins=5, nthreads=20, prior=1.0)
#pref:90295063.
#Dataset	k	numberHVG	Measure	Prior	LocalsearchRounds	NumLocalTrials	Densified	MinibatchSize	KmeansplusplusTime	KmeansplusplusCost	KMeansplusplusARI	KMeansTime	KMeansCost	KMeansARI
cao4m	25	-1	SQRL2	1.0	0	1	False	10000	252.08387875556946	20800861888.0	0.0693799687845975	2863.3832495212555	13409005568.0	-0.023999367868361487
cao4m	25	-1	JSM	1.0	0	1	False	10000	269.54315066337585	179913.3140635472	-0.015335424288900003	3689.479224920273	149790.25	-0.0015292472730597721
cao4m	25	-1	JSD	1.0	0	1	False	10000	324.84770584106445	9634.749467983202	-0.015283541471745606	3694.4423077106476	6474.5390625	0.002174504671903982
cao4m	25	-1	MKL	1.0	0	1	False	10000	231.76298904418945	33785.624887159094	0.010153464743372902	2199.4387772083282	26218.58203125	0.007910043595246734
cao4m	25	-1	BHATTACHARYYA_METRIC	1.0	0	1	False	10000	185.50194358825684	52055.099954832585	0.0059557811743003695