#args=Namespace(dataset='cao2m', densify=False, hvg=-1, k=25, lspp=25, maxiter=50, mbsize=10000, msr=['3', '4', '5', '7', '15'], n_local_trials=1, ncheckins=5, nthreads=20, prior=1.0)
#pref:91975658.
#Dataset	k	numberHVG	Measure	Prior	LocalsearchRounds	NumLocalTrials	Densified	MinibatchSize	KmeansplusplusTime	KmeansplusplusCost	KMeansplusplusARI	KMeansTime	KMeansCost	KMeansARI
cao2m	25	-1	SQRL2	1.0	25	1	False	10000	289.37351298332214	5196612287.0	0.0052449042511784495	1032.4465346336365	3388465152.0	0.019619321604068065
cao2m	25	-1	JSM	1.0	25	1	False	10000	436.28167963027954	125940.86089274376	0.0055620839778864764	1301.9079785346985	106124.859375	0.0033311048127477576
cao2m	25	-1	JSD	1.0	25	1	False	10000	391.9473307132721	8606.315474245814	0.03154648003193251	1168.5873517990112	5990.1337890625	0.0030521281672659132
cao2m	25	-1	MKL	1.0	25	1	False	10000	355.93436098098755	32592.624480699655	0.0030976346334836034	919.2929887771606	23015.755859375	0.0005818848792930708
cao2m	25	-1	BHATTACHARYYA_METRIC	1.0	25	1	False	10000	312.16931080818176	52007.3727698789	0.01524056617879651	1121.1579067707062	49236.265625	0.006413019593006397
cao2m	25	-1	COSINE_DISTANCE	1.0	25	1	False	10000	410.8820798397064	384295.1360127481	0.0003787431237775126	1135.6291818618774	158384.1875	0.01729948248650184
