#args=Namespace(dataset='cao4m', densify=False, hvg=2500, k=25, lspp=0, maxiter=50, mbsize=50000, msr=['3', '4', '5', '7', '15'], n_local_trials=1, ncheckins=5, nthreads=20, prior=1.0, topnorm=False)
#pref:88171453.
#cao4m	HVGene2500	4605.732398748398
#Dataset	k	numberHVG	Measure	Prior	LocalsearchRounds	NumLocalTrials	Densified	MinibatchSize	KmeansplusplusTime	KmeansplusplusCost	KMeansplusplusARI	KMeansTime	KMeansCost	KMeansARI
cao4m	25	2500	SQRL2	1.0	0	1	False	50000	106.25919556617737	17228951719.0	-0.03609673310009161	459.97703766822815	11044285440.0	-0.01909099321967262
cao4m	25	2500	JSM	1.0	0	1	False	50000	115.7131941318512	640809.0599843827	0.07622323812456114	1052.1372876167297	511477.9375	-0.004804537173271992
cao4m	25	2500	JSD	1.0	0	1	False	50000	128.621084690094	117462.42383384053	0.021001681153622855	1078.758812904358	69309.578125	-0.023889038946354146
cao4m	25	2500	MKL	1.0	0	1	False	50000	167.6016068458557	438044.66722473875	0.09398975217267397	1278.8664240837097	282399.25	-0.021398012754112558
cao4m	25	2500	BHATTACHARYYA_METRIC	1.0	0	1	False	50000	73.13694620132446	545642.2020105239	0.03624602004682201	864.161484003067	482091.21875	0.18389645606959887
cao4m	25	2500	COSINE_DISTANCE	1.0	0	1	False	50000	131.64676141738892	1405767.0045602222	0.032957679803276546	704.3036243915558	558249.5	0.04709797319440598
