#args=Namespace(dataset='cao4m', densify=False, hvg=2500, k=50, lspp=50, maxiter=50, mbsize=10000, msr=['3', '4', '5', '7', '15'], n_local_trials=1, ncheckins=5, nthreads=20, prior=1.0, topnorm=False)
#pref:19620067.
#cao4m	HVGene2500	4494.600728273392
#Dataset	k	numberHVG	Measure	Prior	LocalsearchRounds	NumLocalTrials	Densified	MinibatchSize	KmeansplusplusTime	KmeansplusplusCost	KMeansplusplusARI	KMeansTime	KMeansCost	KMeansARI
cao4m	50	2500	SQRL2	1.0	50	1	False	10000	608.3911910057068	14886332939.0	-0.0348089261224334	888.1843574047089	10272641024.0	-0.029457293011600747
cao4m	50	2500	JSM	1.0	50	1	False	10000	775.9175477027893	619247.1908142392	-0.04638916605095502	1712.1807589530945	505807.9375	-0.00832186800868612
cao4m	50	2500	JSD	1.0	50	1	False	10000	819.0008697509766	103356.01603708277	0.08264676164448252	1720.7905378341675	68115.328125	-0.017834353690420333
cao4m	50	2500	MKL	1.0	50	1	False	10000	690.5090007781982	431440.673707217	0.09333411459268313	1152.1076366901398	276452.4375	0.010004635111345707
cao4m	50	2500	BHATTACHARYYA_METRIC	1.0	50	1	False	10000	395.34113359451294	533113.5433528151	0.018649863847548992	588.206561088562	471253.8125	0.1373325781372286
cao4m	50	2500	COSINE_DISTANCE	1.0	50	1	False	10000	398.1324670314789	1438007.4220665235	0.15853207682545273	579.4528980255127	558244.875	-0.00601013496861849
