#args=Namespace(dataset='cao2m', densify=False, hvg=500, k=50, lspp=50, maxiter=50, mbsize=50000, msr=['3', '4', '5', '7', '15'], n_local_trials=1, ncheckins=5, nthreads=20, prior=1.0)
#pref:03886484.
#cao2m	HVGene500	107.87296342849731
#Dataset	k	numberHVG	Measure	Prior	LocalsearchRounds	NumLocalTrials	Densified	MinibatchSize	KmeansplusplusTime	KmeansplusplusCost	KMeansplusplusARI	KMeansTime	KMeansCost	KMeansARI
cao2m	50	500	SQRL2	1.0	50	1	False	50000	152.81193733215332	2601343596.0	0.028858285143661424	149.9792673587799	1747785472.0	0.0434857053928028
cao2m	50	500	JSM	1.0	50	1	False	50000	217.71840286254883	402943.3595709079	0.014041194040004359	316.86046385765076	335004.5625	0.06598849613179048
cao2m	50	500	JSD	1.0	50	1	False	50000	220.59915590286255	86694.20974795334	0.02898979521363677	318.3068950176239	57225.34375	0.06654655259372497
cao2m	50	500	MKL	1.0	50	1	False	50000	197.00985836982727	345503.9760517236	0.027141278631422048	244.91945266723633	230977.046875	0.022849314700127674
