#args=Namespace(dataset='pbmc', densify=False, hvg=2500, k=50, lspp=25, maxiter=50, mbsize=50000, msr=['3', '4', '5', '7', '15'], n_local_trials=1, ncheckins=5, nthreads=20, prior=1.0, topnorm=False)
#pref:57451455.
#pbmc	HVGene2500	64.16439914703369
#Dataset	k	numberHVG	Measure	Prior	LocalsearchRounds	NumLocalTrials	Densified	MinibatchSize	KmeansplusplusTime	KmeansplusplusCost	KMeansplusplusARI	KMeansTime	KMeansCost	KMeansARI
pbmc	50	2500	SQRL2	1.0	25	1	False	50000	7.4574294090271	197163864.0	0.05744652598517158	139.04592847824097	110442016.0	0.06658323834526857
pbmc	50	2500	JSM	1.0	25	1	False	50000	10.519206762313843	10329.712714926976	0.08444272206692965	242.38007426261902	7745.197265625	0.11572456848249556
pbmc	50	2500	JSD	1.0	25	1	False	50000	8.32970905303955	1591.5133010251448	0.07287905649924489	226.9550657272339	883.78955078125	0.11089181480855484
pbmc	50	2500	MKL	1.0	25	1	False	50000	9.75618290901184	6569.308429162949	0.1694868228998921	213.00247836112976	3536.4091796875	0.1717817423761162
pbmc	50	2500	BHATTACHARYYA_METRIC	1.0	25	1	False	50000	7.040085077285767	8899.001418344269	0.053596442781814385	144.84546828269958	7735.20263671875	0.13345390736377313
pbmc	50	2500	COSINE_DISTANCE	1.0	25	1	False	50000	7.7006566524505615	15835.828595060479	0.010495000181394036	144.61877512931824	6659.14404296875	0.08717844917996638
