#args=Namespace(dataset='cao2m', densify=False, hvg=-1, k=50, lspp=25, maxiter=50, mbsize=10000, msr=['3', '4', '5', '7', '15'], n_local_trials=1, ncheckins=5, nthreads=20, prior=1.0)
#pref:08377268.
#Dataset	k	numberHVG	Measure	Prior	LocalsearchRounds	NumLocalTrials	Densified	MinibatchSize	KmeansplusplusTime	KmeansplusplusCost	KMeansplusplusARI	KMeansTime	KMeansCost	KMeansARI
cao2m	50	-1	SQRL2	1.0	25	1	False	10000	552.2602820396423	5025489384.0	0.009825886527373845	1889.3581745624542	3268207104.0	0.028233336325380172
cao2m	50	-1	JSM	1.0	25	1	False	10000	616.1220166683197	125178.00512298309	0.02347277430137175	2018.9207396507263	105876.9375	0.004384579426040663
cao2m	50	-1	JSD	1.0	25	1	False	10000	735.239593744278	8332.236546752742	0.014782130121279376	2235.631249189377	5929.6767578125	0.002862473053337287
cao2m	50	-1	MKL	1.0	25	1	False	10000	575.1570200920105	30431.583805653732	0.0006870207086257868	1398.4501502513885	23450.5546875	0.001073413181100589
cao2m	50	-1	BHATTACHARYYA_METRIC	1.0	25	1	False	10000	439.18874192237854	51141.35804413353	0.028925184926139914	2262.5562925338745	48765.1953125	0.009103923422477072
cao2m	50	-1	COSINE_DISTANCE	1.0	25	1	False	10000	823.3895456790924	384067.89009279414	0.0010239165938655734	2058.4024391174316	158186.75	0.010426161947905395
