#args=Namespace(dataset='cao4m', densify=False, hvg=500, k=50, lspp=25, maxiter=50, mbsize=3000, msr=['3', '4', '5', '7', '15'], n_local_trials=1, ncheckins=5, nthreads=20, prior=1.0)
#pref:16511608.
#cao4m	HVGene500	2278.1721301078796
#Dataset	k	numberHVG	Measure	Prior	LocalsearchRounds	NumLocalTrials	Densified	MinibatchSize	KmeansplusplusTime	KmeansplusplusCost	KMeansplusplusARI	KMeansTime	KMeansCost	KMeansARI
cao4m	50	500	SQRL2	1.0	25	1	False	3000	209.36775970458984	11255109128.0	0.010631205719364205	261.6064736843109	8501218304.0	-0.019007762635430206
cao4m	50	500	JSM	1.0	25	1	False	3000	267.3181891441345	814086.535777797	-0.0322200171812238	431.90695905685425	668073.75	0.0006963000632184161
cao4m	50	500	JSD	1.0	25	1	False	3000	272.5602478981018	176123.85797811323	-0.008678913172103517	428.34580993652344	117298.96875	-0.025170089982506534
cao4m	50	500	MKL	1.0	25	1	False	3000	226.0704050064087	781250.9930990646	0.007128573701726643	346.4221658706665	487006.09375	-0.031846096969810576
cao4m	50	500	BHATTACHARYYA_METRIC	1.0	25	1	False	3000	159.43808579444885	817511.8861309479	0.04781306669803379	228.85430431365967	686594.8125	0.07150802719370171
cao4m	50	500	COSINE_DISTANCE	1.0	25	1	False	3000	170.09542632102966	1370534.6148517984	0.09347811869080869	281.52690148353577	696592.625	0.06409776636547922
