#args=Namespace(dataset='cao4m', densify=False, hvg=500, k=50, lspp=25, maxiter=50, mbsize=50000, msr=['3', '4', '5', '7', '15'], n_local_trials=1, ncheckins=5, nthreads=20, prior=1.0)
#pref:93712672.
#cao4m	HVGene500	2266.6911404132843
#Dataset	k	numberHVG	Measure	Prior	LocalsearchRounds	NumLocalTrials	Densified	MinibatchSize	KmeansplusplusTime	KmeansplusplusCost	KMeansplusplusARI	KMeansTime	KMeansCost	KMeansARI
cao4m	50	500	SQRL2	1.0	25	1	False	50000	208.73130178451538	11247506493.0	-0.0014802043779667358	254.1357593536377	7399879680.0	-0.0037022354353013977
cao4m	50	500	JSM	1.0	25	1	False	50000	256.2294828891754	815541.580017731	-0.02381023425243513	506.8534812927246	652304.875	0.062220459431335605
cao4m	50	500	JSD	1.0	25	1	False	50000	268.4667422771454	174976.75969253504	-0.009854063840398114	489.66515016555786	111051.5625	-0.0010217786102726454
cao4m	50	500	MKL	1.0	25	1	False	50000	222.75629305839539	808042.4387217732	0.02222151619081629	386.51886463165283	462873.875	-0.043266341475834816
cao4m	50	500	BHATTACHARYYA_METRIC	1.0	25	1	False	50000	158.7138810157776	822742.5659470933	0.048242835369254174	241.61762619018555	678657.625	0.06986419137824626
cao4m	50	500	COSINE_DISTANCE	1.0	25	1	False	50000	161.8208305835724	1410073.5435169938	0.11445388923148454	269.77678632736206	640186.625	0.05952826485222686
