#args=Namespace(dataset='pbmc', densify=False, hvg=500, k=25, lspp=25, maxiter=50, mbsize=50000, msr=['3', '4', '5', '7', '15'], n_local_trials=1, ncheckins=5, nthreads=20, prior=1.0)
#pref:57656667.
#pbmc	HVGene500	19.83176898956299
#Dataset	k	numberHVG	Measure	Prior	LocalsearchRounds	NumLocalTrials	Densified	MinibatchSize	KmeansplusplusTime	KmeansplusplusCost	KMeansplusplusARI	KMeansTime	KMeansCost	KMeansARI
pbmc	25	500	SQRL2	1.0	25	1	False	50000	2.927497148513794	179050619.0	0.08100868468943702	35.969873905181885	100087768.0	0.10502587566550589
pbmc	25	500	JSM	1.0	25	1	False	50000	4.177901744842529	13018.702841070222	0.09557537726227043	50.037229776382446	9611.9931640625	0.18145696173936293
pbmc	25	500	JSD	1.0	25	1	False	50000	3.9821667671203613	2515.5835229977965	0.15132452441441382	48.81386351585388	1368.0799560546875	0.16424892877152014
pbmc	25	500	MKL	1.0	25	1	False	50000	3.4702024459838867	10185.421528920531	0.12227148759805556	47.029088258743286	5619.7578125	0.19959822900414473
pbmc	25	500	BHATTACHARYYA_METRIC	1.0	25	1	False	50000	2.675508499145508	13700.163386932276	0.10415490771583424	43.96763777732849	10670.861328125	0.291320474711928
pbmc	25	500	COSINE_DISTANCE	1.0	25	1	False	50000	2.689988374710083	13479.467190160196	0.062023746099714575	35.5698721408844	6728.064453125	0.1256661154145214
