#args=Namespace(dataset='cao4m', densify=False, hvg=2500, k=25, lspp=0, maxiter=50, mbsize=10000, msr=['3', '4', '5', '7', '15'], n_local_trials=1, ncheckins=5, nthreads=20, prior=1.0, topnorm=False)
#pref:10123471.
#cao4m	HVGene2500	4006.286566734314
#Dataset	k	numberHVG	Measure	Prior	LocalsearchRounds	NumLocalTrials	Densified	MinibatchSize	KmeansplusplusTime	KmeansplusplusCost	KMeansplusplusARI	KMeansTime	KMeansCost	KMeansARI
cao4m	25	2500	SQRL2	1.0	0	1	False	10000	115.81235313415527	17228951719.0	-0.03609673310009161	479.61469984054565	11456671744.0	-0.027561375110884224
cao4m	25	2500	JSM	1.0	0	1	False	10000	124.87657117843628	640809.0599843827	0.07622323812456114	948.4068541526794	513010.625	0.011900929793211827
cao4m	25	2500	JSD	1.0	0	1	False	10000	132.50536394119263	117462.42383384053	0.021001681153622855	926.2686679363251	70831.5	-0.024955153950324743
cao4m	25	2500	MKL	1.0	0	1	False	10000	109.74900126457214	438044.66722473875	0.09398975217267397	582.171603679657	287622.5	-0.005668386738733071
cao4m	25	2500	BHATTACHARYYA_METRIC	1.0	0	1	False	10000	60.14247155189514	545642.2020105239	0.03624602004682201	300.82901334762573	481533.375	0.1722027999241089
cao4m	25	2500	COSINE_DISTANCE	1.0	0	1	False	10000	62.831284523010254	1407318.9991689748	0.022263732663818845	302.4764995574951	567512.6875	0.06401033496821572
