#args=Namespace(dataset='pbmc', densify=False, hvg=500, k=50, lspp=50, maxiter=50, mbsize=3000, msr=['3', '4', '5', '7', '15'], n_local_trials=1, ncheckins=5, nthreads=20, prior=1.0)
#pref:75866272.
#pbmc	HVGene500	20.18651533126831
#Dataset	k	numberHVG	Measure	Prior	LocalsearchRounds	NumLocalTrials	Densified	MinibatchSize	KmeansplusplusTime	KmeansplusplusCost	KMeansplusplusARI	KMeansTime	KMeansCost	KMeansARI
pbmc	50	500	SQRL2	1.0	50	1	False	3000	5.465412139892578	162607604.0	0.06430421142718801	7.3535614013671875	94612064.0	0.07387860479814645
pbmc	50	500	JSM	1.0	50	1	False	3000	8.369634628295898	12766.167043745043	0.07141300403845807	14.96321725845337	9612.3828125	0.1687889281404004
pbmc	50	500	JSD	1.0	50	1	False	3000	8.081510305404663	2434.420682989061	0.08745456526523168	14.221318483352661	1353.283203125	0.16439963264543245
pbmc	50	500	MKL	1.0	50	1	False	3000	6.768518686294556	9928.18371373415	0.09148900954984873	12.172481536865234	5606.73046875	0.21080442640163524
pbmc	50	500	BHATTACHARYYA_METRIC	1.0	50	1	False	3000	5.092395782470703	13297.886204600589	0.06660563446393511	10.067448139190674	10643.7685546875	0.28059066422738854
pbmc	50	500	COSINE_DISTANCE	1.0	50	1	False	3000	5.555882453918457	11529.699185101463	0.08900661211369663	9.92327618598938	6843.01611328125	0.1436015718356897
