#args=Namespace(dataset='cao4m', densify=False, hvg=500, k=50, lspp=50, maxiter=50, mbsize=50000, msr=['3', '4', '5', '7', '15'], n_local_trials=1, ncheckins=5, nthreads=20, prior=1.0)
#pref:55119437.
#cao4m	HVGene500	2250.1316566467285
#Dataset	k	numberHVG	Measure	Prior	LocalsearchRounds	NumLocalTrials	Densified	MinibatchSize	KmeansplusplusTime	KmeansplusplusCost	KMeansplusplusARI	KMeansTime	KMeansCost	KMeansARI
cao4m	50	500	SQRL2	1.0	50	1	False	50000	267.22184562683105	11267327157.0	-0.004763322706834766	268.16248631477356	7406428160.0	-0.006046797978898693
cao4m	50	500	JSM	1.0	50	1	False	50000	337.43093633651733	812928.3563202436	-0.014119769425278341	499.02852511405945	653321.25	-0.011626627537773482
cao4m	50	500	JSD	1.0	50	1	False	50000	337.5040473937988	174698.0265449828	-0.009571104178566254	506.1590452194214	111160.0390625	0.013686398361834499
cao4m	50	500	MKL	1.0	50	1	False	50000	291.9809980392456	768628.8759894604	0.026449934672055107	394.5121831893921	460021.9375	-0.033844301474165873
cao4m	50	500	BHATTACHARYYA_METRIC	1.0	50	1	False	50000	206.6232340335846	812770.4234363298	0.05558532890741333	238.91311526298523	676143.0	0.07856076080684667
cao4m	50	500	COSINE_DISTANCE	1.0	50	1	False	50000	205.78336930274963	1423968.004296244	0.10200065108035417	274.4426817893982	638144.625	0.060804188588935645
