#args=Namespace(dataset='cao4m', densify=False, hvg=-1, k=25, lspp=0, maxiter=50, mbsize=3000, msr=['3', '4', '5', '7', '15'], n_local_trials=1, ncheckins=5, nthreads=20, prior=1.0)
#pref:32972433.
#Dataset	k	numberHVG	Measure	Prior	LocalsearchRounds	NumLocalTrials	Densified	MinibatchSize	KmeansplusplusTime	KmeansplusplusCost	KMeansplusplusARI	KMeansTime	KMeansCost	KMeansARI
cao4m	25	-1	SQRL2	1.0	0	1	False	3000	254.17560720443726	20800861888.0	0.0693799687845975	2150.382474422455	14232133632.0	-0.025371397782327127
cao4m	25	-1	JSM	1.0	0	1	False	3000	270.7127003669739	179913.3140635472	-0.015335424288900003	2640.729944229126	151412.375	-0.0033458678364865738
cao4m	25	-1	JSD	1.0	0	1	False	3000	281.79166650772095	9634.749467983202	-0.015283541471745606	2772.931113243103	6705.27294921875	0.00369336139857927
cao4m	25	-1	MKL	1.0	0	1	False	3000	252.23793053627014	33785.624887159094	0.010153464743372902	1923.4713923931122	27423.767578125	0.004331590791231416
cao4m	25	-1	BHATTACHARYYA_METRIC	1.0	0	1	False	3000	189.70176315307617	52055.099954832585	0.0059557811743003695	1554.5765454769135	50637.7890625	-0.016357227955362267
cao4m	25	-1	COSINE_DISTANCE	1.0	0	1	False	3000	579.8792593479156	1460446.3896461767	0.002784144773913632	2924.767026424408	527714.875	0.034145967911383586
