#args=Namespace(dataset='cao2m', densify=False, hvg=500, k=50, lspp=50, maxiter=50, mbsize=3000, msr=['3', '4', '5', '7', '15'], n_local_trials=1, ncheckins=5, nthreads=20, prior=1.0)
#pref:94683675.
#cao2m	HVGene500	91.80184483528137
#Dataset	k	numberHVG	Measure	Prior	LocalsearchRounds	NumLocalTrials	Densified	MinibatchSize	KmeansplusplusTime	KmeansplusplusCost	KMeansplusplusARI	KMeansTime	KMeansCost	KMeansARI
cao2m	50	500	SQRL2	1.0	50	1	False	3000	155.8556933403015	2539163106.0	0.029089821089329383	119.36992263793945	1856382208.0	0.02130193054718452
cao2m	50	500	JSM	1.0	50	1	False	3000	180.30033540725708	401889.4045951244	0.01818695395532479	251.32046604156494	343859.125	0.0375282024270249
cao2m	50	500	JSD	1.0	50	1	False	3000	223.99168133735657	86694.20974795334	0.02898979521363677	265.9743993282318	60355.8984375	0.03461292180672006
cao2m	50	500	MKL	1.0	50	1	False	3000	198.3437042236328	348696.0283569675	0.016564990859386636	210.03892707824707	243838.375	0.012345800454900099
cao2m	50	500	BHATTACHARYYA_METRIC	1.0	50	1	False	3000	134.80101203918457	415209.69764201634	0.04912955805586734	129.11487007141113	368359.75	0.1248194128549074
cao2m	50	500	COSINE_DISTANCE	1.0	50	1	False	3000	142.98492860794067	420459.2411960285	0.0008203994247385223	148.7497489452362	333493.6875	0.04257857671873123
