#args=Namespace(dataset='cao2m', densify=False, hvg=500, k=25, lspp=25, maxiter=50, mbsize=50000, msr=['3', '4', '5', '7', '15'], n_local_trials=1, ncheckins=5, nthreads=20, prior=1.0, topnorm=True)
#pref:90747777.
#cao2m	HVGene500	153.16204643249512
#Dataset	k	numberHVG	Measure	Prior	LocalsearchRounds	NumLocalTrials	Densified	MinibatchSize	KmeansplusplusTime	KmeansplusplusCost	KMeansplusplusARI	KMeansTime	KMeansCost	KMeansARI
cao2m	25	500	SQRL2	1.0	25	1	False	50000	49.105722427368164	2504628960.0	0.003632123456190751	60.12514925003052	1615528832.0	0.02060307590146258
cao2m	25	500	JSM	1.0	25	1	False	50000	60.460856437683105	359262.82425633084	0.01288681827968255	126.2187933921814	305198.15625	0.030457412815280038
cao2m	25	500	JSD	1.0	25	1	False	50000	58.93609881401062	71908.9993210244	0.015180992745855704	125.88287544250488	48721.75	0.030964500305553894
cao2m	25	500	MKL	1.0	25	1	False	50000	52.640769720077515	300573.3066901751	0.011794830558854169	88.48436999320984	199036.65625	0.00814879820522081
cao2m	25	500	BHATTACHARYYA_METRIC	1.0	25	1	False	50000	38.54472517967224	318067.47719070915	0.04939931628034981	44.7114942073822	278861.34375	0.09167849444525729
cao2m	25	500	COSINE_DISTANCE	1.0	25	1	False	50000	41.40668225288391	553685.9695745377	0.0012207811269821334	49.658514738082886	360795.8125	0.043072289410898204
