#args=Namespace(dataset='cao2m', densify=False, hvg=500, k=25, lspp=0, maxiter=50, mbsize=3000, msr=['3', '4', '5', '7', '15'], n_local_trials=1, ncheckins=5, nthreads=20, prior=1.0, topnorm=True)
#pref:88115562.
#cao2m	HVGene500	169.63803672790527
#Dataset	k	numberHVG	Measure	Prior	LocalsearchRounds	NumLocalTrials	Densified	MinibatchSize	KmeansplusplusTime	KmeansplusplusCost	KMeansplusplusARI	KMeansTime	KMeansCost	KMeansARI
cao2m	25	500	SQRL2	1.0	0	1	False	3000	23.2193021774292	2582186557.0	0.005439476391453387	32.0686731338501	1703756288.0	0.014809034795242077
cao2m	25	500	JSM	1.0	0	1	False	3000	20.929628133773804	361512.97239955596	0.021678692810635194	60.91979384422302	311764.21875	0.018029343869334094
cao2m	25	500	JSD	1.0	0	1	False	3000	21.71805191040039	74069.32025822252	0.027642271199352846	58.797877073287964	50987.4140625	0.018135724087947433
cao2m	25	500	MKL	1.0	0	1	False	3000	23.776417016983032	272296.3615705911	0.018830517489278702	47.93790054321289	210342.09375	0.006952408603494974
cao2m	25	500	BHATTACHARYYA_METRIC	1.0	0	1	False	3000	21.3421688079834	329015.55319979193	0.051944037719977715	34.214648485183716	281737.21875	0.0808107299050271
cao2m	25	500	COSINE_DISTANCE	1.0	0	1	False	3000	19.509910821914673	511443.38494773704	0.0011036095866970854	36.70858454704285	459775.6875	0.011711298381141813
