#args=Namespace(dataset='cao4m', densify=False, hvg=-1, k=50, lspp=50, maxiter=50, mbsize=50000, msr=['3', '4', '5', '7', '15'], n_local_trials=1, ncheckins=5, nthreads=20, prior=1.0, topnorm=False)
#pref:12360123.
#Dataset	k	numberHVG	Measure	Prior	LocalsearchRounds	NumLocalTrials	Densified	MinibatchSize	KmeansplusplusTime	KmeansplusplusCost	KMeansplusplusARI	KMeansTime	KMeansCost	KMeansARI
cao4m	50	-1	SQRL2	1.0	50	1	False	50000	1509.820928812027	17834129080.0	0.00480126088032816	6058.288660764694	11704057856.0	-0.012737409876284049
cao4m	50	-1	JSM	1.0	50	1	False	50000	1677.9633429050446	177648.37938822908	0.04291252886021259	8977.72068142891	145520.5625	0.01701001324502216
