#args=Namespace(dataset='cao4m', densify=False, hvg=2500, k=25, lspp=25, maxiter=50, mbsize=3000, msr=['3', '4', '5', '7', '15'], n_local_trials=1, ncheckins=5, nthreads=20, prior=1.0, topnorm=False)
#pref:78275063.
#cao4m	HVGene2500	3931.247696876526
#Dataset	k	numberHVG	Measure	Prior	LocalsearchRounds	NumLocalTrials	Densified	MinibatchSize	KmeansplusplusTime	KmeansplusplusCost	KMeansplusplusARI	KMeansTime	KMeansCost	KMeansARI
cao4m	25	2500	SQRL2	1.0	25	1	False	3000	320.75981521606445	17009225146.0	-0.04080195490102509	439.8175003528595	12041363456.0	-0.024261050137487805
cao4m	25	2500	JSM	1.0	25	1	False	3000	400.9792923927307	635391.5062477791	0.12990707285516356	783.1334710121155	522449.96875	-0.0006526362728797453
cao4m	25	2500	JSD	1.0	25	1	False	3000	427.0769646167755	107456.55922242161	-0.006281417727106476	1165.8352477550507	73808.7734375	-0.011437122902906733
cao4m	25	2500	MKL	1.0	25	1	False	3000	490.0655326843262	453855.9914405681	-0.007010377429752052	862.1721360683441	300352.40625	-0.008237645665194885
cao4m	25	2500	BHATTACHARYYA_METRIC	1.0	25	1	False	3000	385.16862964630127	542250.9134897802	0.04248117754311407	524.7162201404572	483950.6875	0.16338979777066157
cao4m	25	2500	COSINE_DISTANCE	1.0	25	1	False	3000	217.66154551506042	1424935.1883404958	0.04649785277368364	288.61936020851135	577180.5	0.03107004060816433
