#args=Namespace(dataset='pbmc', densify=False, hvg=-1, k=50, lspp=25, maxiter=50, mbsize=10000, msr=['3', '4', '5', '7', '15'], n_local_trials=1, ncheckins=5, nthreads=20, prior=1.0)
#pref:17446493.
#Dataset	k	numberHVG	Measure	Prior	LocalsearchRounds	NumLocalTrials	Densified	MinibatchSize	KmeansplusplusTime	KmeansplusplusCost	KMeansplusplusARI	KMeansTime	KMeansCost	KMeansARI
pbmc	50	-1	SQRL2	1.0	25	1	False	10000	13.665143966674805	217884042.0	0.06926278683784283	122.40273976325989	121433472.0	0.07104625809711387
pbmc	50	-1	JSM	1.0	25	1	False	10000	16.335875511169434	3793.163269593676	0.08179554947913299	141.5720100402832	2890.1904296875	0.1732395480822756
pbmc	50	-1	JSD	1.0	25	1	False	10000	17.601765155792236	216.1449289021548	0.07665348848833807	144.52632784843445	124.33325958251953	0.1841092753953339
pbmc	50	-1	MKL	1.0	25	1	False	10000	14.96123456954956	879.4089340860955	0.15129590293765954	93.0305745601654	512.7991943359375	0.1085601823705986
pbmc	50	-1	BHATTACHARYYA_METRIC	1.0	25	1	False	10000	12.430672407150269	1255.2669499580734	0.04711149589048062	108.15522885322571	1138.926025390625	0.06214686286330567
pbmc	50	-1	COSINE_DISTANCE	1.0	25	1	False	10000	26.881176471710205	14186.829466725612	0.026325089485072818	122.90867781639099	4182.998046875	0.12589899747231437
