#args=Namespace(dataset='cao2m', densify=False, hvg=2500, k=25, lspp=25, maxiter=50, mbsize=3000, msr=['3', '4', '5', '7', '15'], n_local_trials=1, ncheckins=5, nthreads=20, prior=1.0, topnorm=False)
#pref:39249092.
#cao2m	HVGene2500	96.29093837738037
#Dataset	k	numberHVG	Measure	Prior	LocalsearchRounds	NumLocalTrials	Densified	MinibatchSize	KmeansplusplusTime	KmeansplusplusCost	KMeansplusplusARI	KMeansTime	KMeansCost	KMeansARI
cao2m	25	2500	SQRL2	1.0	25	1	False	3000	171.31845951080322	4274766957.0	0.004529521802551167	203.83188915252686	2877371392.0	0.01061321254532875
cao2m	25	2500	JSM	1.0	25	1	False	3000	253.25511264801025	301929.624588965	0.010980324591897864	432.60965275764465	256171.96875	0.008082288222315527
cao2m	25	2500	JSD	1.0	25	1	False	3000	255.1251745223999	49484.602719961666	0.03294536985960615	437.508505821228	33922.0	0.01027860316438035
cao2m	25	2500	MKL	1.0	25	1	False	3000	168.87437272071838	198213.15001893975	0.006401899465335248	353.60184478759766	133977.625	0.001806741365214346
cao2m	25	2500	BHATTACHARYYA_METRIC	1.0	25	1	False	3000	151.70907950401306	272511.104065092	0.04163715222797249	202.50918126106262	249526.90625	0.10322171790113346
cao2m	25	2500	COSINE_DISTANCE	1.0	25	1	False	3000	150.77560448646545	537046.3209900585	0.0014333433073708095	208.76277995109558	276208.3125	0.015346357918434327
