#args=Namespace(dataset='pbmc', densify=False, hvg=-1, k=50, lspp=50, maxiter=50, mbsize=50000, msr=['3', '4', '5', '7', '15'], n_local_trials=1, ncheckins=5, nthreads=20, prior=1.0)
#pref:22848284.
#Dataset	k	numberHVG	Measure	Prior	LocalsearchRounds	NumLocalTrials	Densified	MinibatchSize	KmeansplusplusTime	KmeansplusplusCost	KMeansplusplusARI	KMeansTime	KMeansCost	KMeansARI
pbmc	50	-1	SQRL2	1.0	50	1	False	50000	18.2124981880188	213926345.0	0.06553280013913902	567.8035261631012	120478800.0	0.06650041807183434
pbmc	50	-1	JSM	1.0	50	1	False	50000	22.434375524520874	3789.171675208133	0.08254019812878524	772.8985407352448	2874.6240234375	0.1675229610996325
pbmc	50	-1	JSD	1.0	50	1	False	50000	22.343183040618896	215.7572523058625	0.08726452106703873	776.3823862075806	122.93839263916016	0.18878609890890272
pbmc	50	-1	MKL	1.0	50	1	False	50000	19.211180210113525	863.7372011342086	0.1447057659007489	422.13115668296814	499.63189697265625	0.1381113921741301
pbmc	50	-1	BHATTACHARYYA_METRIC	1.0	50	1	False	50000	15.583036184310913	1249.3259889127876	0.044774759440343294	477.7277297973633	1134.877197265625	0.06184764608906891
pbmc	50	-1	COSINE_DISTANCE	1.0	50	1	False	50000	36.203537464141846	13286.096348449564	0.004587721456958876	400.0398590564728	4206.51806640625	0.1677723727382351
