#args=Namespace(dataset='cao2m', densify=False, hvg=-1, k=50, lspp=50, maxiter=50, mbsize=50000, msr=['3', '4', '5', '7', '15'], n_local_trials=1, ncheckins=5, nthreads=20, prior=1.0)
#pref:95186647.
#Dataset	k	numberHVG	Measure	Prior	LocalsearchRounds	NumLocalTrials	Densified	MinibatchSize	KmeansplusplusTime	KmeansplusplusCost	KMeansplusplusARI	KMeansTime	KMeansCost	KMeansARI
cao2m	50	-1	SQRL2	1.0	50	1	False	50000	613.6133413314819	4881931767.0	0.003801269863223277	3379.4235298633575	3188627200.0	0.03793798860737244
cao2m	50	-1	JSM	1.0	50	1	False	50000	760.0911219120026	124974.40076650969	0.02660081727486997	3452.00208735466	104879.0	0.005586031399818854
cao2m	50	-1	JSD	1.0	50	1	False	50000	892.0260481834412	8266.8647972201	0.03165489431884185	3235.7170054912567	5833.29248046875	0.0049704264524215265
cao2m	50	-1	MKL	1.0	50	1	False	50000	752.7892360687256	30431.859571452253	0.0007003683181477796	2308.658520460129	22265.57421875	0.0023057143721643566
cao2m	50	-1	BHATTACHARYYA_METRIC	1.0	50	1	False	50000	603.6804440021515	51150.085607617715	0.030320049662726955	3272.608367204666	48510.609375	0.010983210178054446
cao2m	50	-1	COSINE_DISTANCE	1.0	50	1	False	50000	997.8853378295898	384119.19923966075	0.000743112322579873	2891.5535082817078	148409.9375	0.02450712052615131
