#args=Namespace(dataset='cao2m', densify=False, hvg=500, k=25, lspp=0, maxiter=50, mbsize=10000, msr=['3', '4', '5', '7', '15'], n_local_trials=1, ncheckins=5, nthreads=20, prior=1.0, topnorm=True)
#pref:87146104.
#cao2m	HVGene500	164.99145889282227
#Dataset	k	numberHVG	Measure	Prior	LocalsearchRounds	NumLocalTrials	Densified	MinibatchSize	KmeansplusplusTime	KmeansplusplusCost	KMeansplusplusARI	KMeansTime	KMeansCost	KMeansARI
cao2m	25	500	SQRL2	1.0	0	1	False	10000	26.9712815284729	2582186557.0	0.005439476391453387	36.05185675621033	1647471360.0	0.019249005727980172
cao2m	25	500	JSM	1.0	0	1	False	10000	17.371633768081665	361512.97239955596	0.021678692810635194	74.0150887966156	307452.1875	0.025676408665848218
cao2m	25	500	JSD	1.0	0	1	False	10000	19.004796981811523	74069.32025822252	0.027642271199352846	74.84613871574402	49351.7734375	0.02786495318088748
cao2m	25	500	MKL	1.0	0	1	False	10000	19.208255767822266	272296.3615705911	0.018830517489278702	57.15543580055237	202476.0625	0.007235598627195797
cao2m	25	500	BHATTACHARYYA_METRIC	1.0	0	1	False	10000	14.982372045516968	329015.55319979193	0.051944037719977715	36.23247766494751	279212.3125	0.09027773036825895
cao2m	25	500	COSINE_DISTANCE	1.0	0	1	False	10000	15.36088752746582	515717.7396106752	0.0013016634287949728	38.49297332763672	409698.0	0.00868001177480392
