#args=Namespace(dataset='cao2m', densify=False, hvg=2500, k=25, lspp=0, maxiter=50, mbsize=50000, msr=['3', '4', '5', '7', '15'], n_local_trials=1, ncheckins=5, nthreads=20, prior=1.0, topnorm=False)
#pref:91340063.
#cao2m	HVGene2500	109.66882729530334
#Dataset	k	numberHVG	Measure	Prior	LocalsearchRounds	NumLocalTrials	Densified	MinibatchSize	KmeansplusplusTime	KmeansplusplusCost	KMeansplusplusARI	KMeansTime	KMeansCost	KMeansARI
cao2m	25	2500	SQRL2	1.0	0	1	False	50000	61.67973804473877	4319360269.0	0.006535643814228182	267.122496843338	2750328320.0	0.02570125716495101
cao2m	25	2500	JSM	1.0	0	1	False	50000	79.54296040534973	302011.3652276316	0.010517810972566335	528.491456747055	251982.375	0.017229668657190552
cao2m	25	2500	JSD	1.0	0	1	False	50000	79.20867729187012	49920.56799439434	0.020966921050844262	582.9142248630524	32946.625	0.017982124370411037
cao2m	25	2500	MKL	1.0	0	1	False	50000	66.90348362922668	188636.70970621333	0.017121314544242795	447.272264957428	130588.6015625	0.0033900056061702336
cao2m	25	2500	BHATTACHARYYA_METRIC	1.0	0	1	False	50000	44.54363441467285	275222.48988575523	0.03823893061841962	261.5450699329376	248901.15625	0.10131253905126728
cao2m	25	2500	COSINE_DISTANCE	1.0	0	1	False	50000	45.66818571090698	500466.9772132159	0.0021006786947519577	267.2594528198242	265827.1875	0.051508889915119684
