#args=Namespace(dataset='pbmc', densify=False, hvg=500, k=50, lspp=50, maxiter=50, mbsize=50000, msr=['3', '4', '5', '7', '15'], n_local_trials=1, ncheckins=5, nthreads=20, prior=1.0)
#pref:53661565.
#pbmc	HVGene500	18.305870532989502
#Dataset	k	numberHVG	Measure	Prior	LocalsearchRounds	NumLocalTrials	Densified	MinibatchSize	KmeansplusplusTime	KmeansplusplusCost	KMeansplusplusARI	KMeansTime	KMeansCost	KMeansARI
pbmc	50	500	SQRL2	1.0	50	1	False	50000	5.786750555038452	162376767.0	0.063842270501829	43.19914102554321	92516960.0	0.06867042637632051
pbmc	50	500	JSM	1.0	50	1	False	50000	8.153079509735107	12766.167043745043	0.07141300403845807	69.41110396385193	9507.5703125	0.09985613686833375
pbmc	50	500	JSD	1.0	50	1	False	50000	8.243740558624268	2433.2562420982867	0.08912118679630449	71.04053044319153	1324.5341796875	0.0999140570519454
pbmc	50	500	MKL	1.0	50	1	False	50000	6.890088081359863	9977.046049304307	0.08501337280071575	61.800347328186035	5489.69921875	0.12485622746606219
pbmc	50	500	BHATTACHARYYA_METRIC	1.0	50	1	False	50000	5.085966348648071	13303.782950335742	0.07263702749194614	59.20725917816162	10558.322265625	0.2818845867178124
pbmc	50	500	COSINE_DISTANCE	1.0	50	1	False	50000	5.350992918014526	11547.222718634259	0.07950002987885615	43.246864557266235	6598.28515625	0.08251994345028643
