#args=Namespace(dataset='pbmc', densify=False, hvg=-1, k=50, lspp=25, maxiter=50, mbsize=50000, msr=['3', '4', '5', '7', '15'], n_local_trials=1, ncheckins=5, nthreads=20, prior=1.0)
#pref:.0251156.
#Dataset	k	numberHVG	Measure	Prior	LocalsearchRounds	NumLocalTrials	Densified	MinibatchSize	KmeansplusplusTime	KmeansplusplusCost	KMeansplusplusARI	KMeansTime	KMeansCost	KMeansARI
pbmc	50	-1	SQRL2	1.0	25	1	False	50000	13.961745500564575	218277450.0	0.06806842410420048	515.6799123287201	120925608.0	0.06676607409999627
pbmc	50	-1	JSM	1.0	25	1	False	50000	17.386148691177368	3791.0843880854486	0.07903589449719588	764.2576704025269	2874.740234375	0.16756273372008604
pbmc	50	-1	JSD	1.0	25	1	False	50000	18.0918288230896	216.0539891666267	0.08388485638918139	779.0184478759766	122.77989196777344	0.18561968829377296
pbmc	50	-1	MKL	1.0	25	1	False	50000	15.3258695602417	890.1711114826612	0.13923226815413678	419.42306184768677	503.44708251953125	0.1296680423633653
pbmc	50	-1	BHATTACHARYYA_METRIC	1.0	25	1	False	50000	12.649420499801636	1255.8719630694832	0.04445827054279596	466.5384569168091	1133.8031005859375	0.06085751579393574
pbmc	50	-1	COSINE_DISTANCE	1.0	25	1	False	50000	28.538525819778442	14083.044334573135	0.03681679595391946	406.4049286842346	4136.77294921875	0.1539547037638672
