#args=Namespace(dataset='cao2m', densify=False, hvg=500, k=25, lspp=25, maxiter=50, mbsize=10000, msr=['3', '4', '5', '7', '15'], n_local_trials=1, ncheckins=5, nthreads=20, prior=1.0, topnorm=True)
#pref:84831355.
#cao2m	HVGene500	154.84560751914978
#Dataset	k	numberHVG	Measure	Prior	LocalsearchRounds	NumLocalTrials	Densified	MinibatchSize	KmeansplusplusTime	KmeansplusplusCost	KMeansplusplusARI	KMeansTime	KMeansCost	KMeansARI
cao2m	25	500	SQRL2	1.0	25	1	False	10000	46.58490705490112	2511860062.0	0.003733217526402075	36.13502597808838	1633310592.0	0.01951894519984129
cao2m	25	500	JSM	1.0	25	1	False	10000	55.65269207954407	360469.58728636615	0.013626480528702415	74.80098605155945	307150.09375	0.027039754770655643
cao2m	25	500	JSD	1.0	25	1	False	10000	55.10993146896362	71773.35718520125	0.01630053949126696	75.07816576957703	49283.7578125	0.025986561725917973
cao2m	25	500	MKL	1.0	25	1	False	10000	49.12999105453491	300312.2238300778	0.011541174564106815	54.87722826004028	202534.40625	0.008712218340502125
cao2m	25	500	BHATTACHARYYA_METRIC	1.0	25	1	False	10000	39.391944885253906	323345.9507326153	0.05251636440594923	36.210721492767334	278976.75	0.0907869684514431
cao2m	25	500	COSINE_DISTANCE	1.0	25	1	False	10000	45.21255564689636	587699.6387392988	0.0009640799441402088	37.42726421356201	411159.1875	0.004873631674605712
