#args=Namespace(dataset='cao4m', densify=False, hvg=500, k=25, lspp=25, maxiter=50, mbsize=3000, msr=['3', '4', '5', '7', '15'], n_local_trials=1, ncheckins=5, nthreads=20, prior=1.0)
#pref:51357232.
#cao4m	HVGene500	2487.171290874481
#Dataset	k	numberHVG	Measure	Prior	LocalsearchRounds	NumLocalTrials	Densified	MinibatchSize	KmeansplusplusTime	KmeansplusplusCost	KMeansplusplusARI	KMeansTime	KMeansCost	KMeansARI
cao4m	25	500	SQRL2	1.0	25	1	False	3000	141.47980284690857	13367116826.0	-0.04357925464076121	111.08635067939758	9705277440.0	-0.022315775123023816
cao4m	25	500	JSM	1.0	25	1	False	3000	173.136168718338	838554.3391138765	-0.026506267491820366	217.65386056900024	685903.5	-0.02409439190743423
cao4m	25	500	JSD	1.0	25	1	False	3000	171.30653071403503	188370.8135144394	-0.05127333351545161	214.2529275417328	124840.15625	-0.014510762252653547
cao4m	25	500	MKL	1.0	25	1	False	3000	143.5628957748413	849795.7429648489	0.03905748399923691	167.7804410457611	519154.53125	-0.05173510082027997
cao4m	25	500	BHATTACHARYYA_METRIC	1.0	25	1	False	3000	101.31829786300659	848390.0449144898	0.03828903925460128	113.73267006874084	716010.375	0.10997419026057897
cao4m	25	500	COSINE_DISTANCE	1.0	25	1	False	3000	106.20246577262878	1343786.3262666587	0.09411438030969452	116.61884069442749	701371.75	-0.011169310561171535
