#args=Namespace(dataset='cao2m', densify=False, hvg=500, k=50, lspp=25, maxiter=50, mbsize=50000, msr=['3', '4', '5', '7', '15'], n_local_trials=1, ncheckins=5, nthreads=20, prior=1.0)
#pref:11253312.
#cao2m	HVGene500	92.51597857475281
#Dataset	k	numberHVG	Measure	Prior	LocalsearchRounds	NumLocalTrials	Densified	MinibatchSize	KmeansplusplusTime	KmeansplusplusCost	KMeansplusplusARI	KMeansTime	KMeansCost	KMeansARI
cao2m	50	500	SQRL2	1.0	25	1	False	50000	120.30683135986328	2605300338.0	0.011082561995079067	118.40316224098206	1747175680.0	0.03625066214081001
cao2m	50	500	JSM	1.0	25	1	False	50000	155.43981885910034	403916.10600821703	0.01589160827244551	314.03534960746765	334753.75	0.07005366697952317
cao2m	50	500	JSD	1.0	25	1	False	50000	174.7478244304657	86136.35879453551	0.03277147058755738	318.40512776374817	57188.8046875	0.06728949344768236
cao2m	50	500	MKL	1.0	25	1	False	50000	153.32672953605652	346109.1720366981	0.013803043371391483	258.89863300323486	231168.34375	0.02380160113185381
cao2m	50	500	BHATTACHARYYA_METRIC	1.0	25	1	False	50000	106.69660234451294	417527.2876433245	0.04831784057486413	155.34865522384644	366262.1875	0.1276173759108172
cao2m	50	500	COSINE_DISTANCE	1.0	25	1	False	50000	109.14819765090942	453762.577601654	0.0007760437796655807	159.05678272247314	312165.4375	0.06689211786372423
