#args=Namespace(dataset='cao2m', densify=False, hvg=500, k=50, lspp=50, maxiter=50, mbsize=10000, msr=['3', '4', '5', '7', '15'], n_local_trials=1, ncheckins=5, nthreads=20, prior=1.0)
#pref:67945506.
#cao2m	HVGene500	100.95902347564697
#Dataset	k	numberHVG	Measure	Prior	LocalsearchRounds	NumLocalTrials	Densified	MinibatchSize	KmeansplusplusTime	KmeansplusplusCost	KMeansplusplusARI	KMeansTime	KMeansCost	KMeansARI
cao2m	50	500	SQRL2	1.0	50	1	False	10000	154.72443151474	2585602187.0	0.024390384026843792	131.17414689064026	1773739008.0	0.036300413463686405
cao2m	50	500	JSM	1.0	50	1	False	10000	216.70978832244873	401897.2344249913	0.017150704901730544	274.1442041397095	337850.0	0.05946262428201004
cao2m	50	500	JSD	1.0	50	1	False	10000	220.73164105415344	85778.23234049603	0.029639243314392907	281.44968819618225	58114.8515625	0.05914597581217304
cao2m	50	500	MKL	1.0	50	1	False	10000	192.55670833587646	344454.33626944385	0.014368791905538263	230.98339223861694	237546.203125	0.014912900333165705
cao2m	50	500	BHATTACHARYYA_METRIC	1.0	50	1	False	10000	133.44903182983398	414450.6848692056	0.05300454132243287	95.67531323432922	366149.8125	0.13203641709890157
cao2m	50	500	COSINE_DISTANCE	1.0	50	1	False	10000	131.58418250083923	423414.53340973705	0.0005551566454766706	155.36050963401794	317644.8125	0.04442447371968065
