#args=Namespace(dataset='cao2m', densify=False, hvg=500, k=25, lspp=0, maxiter=50, mbsize=3000, msr=['3', '4', '5', '7', '15'], n_local_trials=1, ncheckins=5, nthreads=20, prior=1.0)
#pref:87440175.
#cao2m	HVGene500	95.49493384361267
#Dataset	k	numberHVG	Measure	Prior	LocalsearchRounds	NumLocalTrials	Densified	MinibatchSize	KmeansplusplusTime	KmeansplusplusCost	KMeansplusplusARI	KMeansTime	KMeansCost	KMeansARI
cao2m	25	500	SQRL2	1.0	0	1	False	3000	28.08538556098938	2873983299.0	0.007439551265120133	66.3090009689331	2013849600.0	0.010635043426718106
cao2m	25	500	JSM	1.0	0	1	False	3000	33.135079860687256	412269.3988557122	0.009160953098228683	137.31372117996216	345173.53125	0.03485866687243573
cao2m	25	500	JSD	1.0	0	1	False	3000	33.25353479385376	92645.62797987089	0.027520140913391094	133.68410682678223	61365.6796875	0.03499773146328451
cao2m	25	500	MKL	1.0	0	1	False	3000	28.392443418502808	355943.49713028595	0.016812925476942235	104.65896821022034	244313.15625	0.011856351420150877
cao2m	25	500	BHATTACHARYYA_METRIC	1.0	0	1	False	3000	20.84528374671936	436859.6678248765	0.05677534720125042	68.6717095375061	374433.25	0.11114450258295822
cao2m	25	500	COSINE_DISTANCE	1.0	0	1	False	3000	20.38754916191101	481635.30831797875	0.0011240338983700647	68.97761988639832	353262.75	0.009446818061533599
