#args=Namespace(dataset='cao4m', densify=False, hvg=2500, k=50, lspp=50, maxiter=50, mbsize=3000, msr=['3', '4', '5', '7', '15'], n_local_trials=1, ncheckins=5, nthreads=20, prior=1.0, topnorm=False)
#pref:44312833.
#cao4m	HVGene2500	4056.9787991046906
#Dataset	k	numberHVG	Measure	Prior	LocalsearchRounds	NumLocalTrials	Densified	MinibatchSize	KmeansplusplusTime	KmeansplusplusCost	KMeansplusplusARI	KMeansTime	KMeansCost	KMeansARI
cao4m	50	2500	SQRL2	1.0	50	1	False	3000	498.02205324172974	14833372975.0	-0.041871867944977825	554.635805606842	10728597504.0	-0.023054529397815497
cao4m	50	2500	JSM	1.0	50	1	False	3000	653.3988661766052	616614.491605135	-0.05224870259932243	1413.7703552246094	513447.0	-0.01814600208088003
cao4m	50	2500	JSD	1.0	50	1	False	3000	809.7921249866486	103209.81951401057	0.09525847932876763	1526.011466741562	70665.5234375	0.0040847197276455615
cao4m	50	2500	MKL	1.0	50	1	False	3000	685.0185148715973	429848.9592136666	0.09292917507877307	1131.663355588913	289335.0625	0.005975102842558808
cao4m	50	2500	BHATTACHARYYA_METRIC	1.0	50	1	False	3000	456.0506753921509	535012.4134409835	0.025881068050766468	785.4625315666199	475152.46875	0.14105746084218423
cao4m	50	2500	COSINE_DISTANCE	1.0	50	1	False	3000	462.15147948265076	1430872.0525777934	0.06099694893157038	815.5861115455627	593401.8125	0.08471590435093033
