#args=Namespace(dataset='cao2m', densify=False, hvg=-1, k=50, lspp=50, maxiter=50, mbsize=10000, msr=['3', '4', '5', '7', '15'], n_local_trials=1, ncheckins=5, nthreads=20, prior=1.0)
#pref:.5049305.
#Dataset	k	numberHVG	Measure	Prior	LocalsearchRounds	NumLocalTrials	Densified	MinibatchSize	KmeansplusplusTime	KmeansplusplusCost	KMeansplusplusARI	KMeansTime	KMeansCost	KMeansARI
cao2m	50	-1	SQRL2	1.0	50	1	False	10000	633.4288396835327	4886506336.0	0.005049829124582352	1745.0356199741364	3278485504.0	0.030400939542908477
cao2m	50	-1	JSM	1.0	50	1	False	10000	747.3527827262878	125044.07209127687	0.02512574514224428	2095.902480840683	105689.1328125	0.0043708291272602905
cao2m	50	-1	JSD	1.0	50	1	False	10000	877.7165520191193	8268.10453914525	0.03157727055654449	1929.7797355651855	5926.6728515625	0.003112536557418805
cao2m	50	-1	MKL	1.0	50	1	False	10000	710.0409624576569	30301.39565286273	0.004442269491540134	1625.7094511985779	22997.7109375	0.0012406030674064076
cao2m	50	-1	BHATTACHARYYA_METRIC	1.0	50	1	False	10000	613.8678865432739	51151.3543846438	0.030832706169110855	1987.8549211025238	48760.2734375	0.00971452633313972
cao2m	50	-1	COSINE_DISTANCE	1.0	50	1	False	10000	874.5646846294403	396126.96656751935	0.0013582920204571406	1963.1816926002502	163798.375	0.00990564110082278
