#args=Namespace(dataset='pbmc', densify=False, hvg=2500, k=50, lspp=50, maxiter=50, mbsize=3000, msr=['3', '4', '5', '7', '15'], n_local_trials=1, ncheckins=5, nthreads=20, prior=1.0, topnorm=False)
#pref:77624457.
#pbmc	HVGene2500	52.273189306259155
#Dataset	k	numberHVG	Measure	Prior	LocalsearchRounds	NumLocalTrials	Densified	MinibatchSize	KmeansplusplusTime	KmeansplusplusCost	KMeansplusplusARI	KMeansTime	KMeansCost	KMeansARI
pbmc	50	2500	SQRL2	1.0	50	1	False	3000	8.78925108909607	194403816.0	0.0612939828403715	21.088504552841187	113156840.0	0.07868225694229745
pbmc	50	2500	JSM	1.0	50	1	False	3000	13.12235403060913	10338.818775459187	0.07301276649578471	36.00876712799072	7831.99267578125	0.21786171857995693
pbmc	50	2500	JSD	1.0	50	1	False	3000	13.388009309768677	1590.3871773062274	0.07586845835890632	35.90596270561218	902.576416015625	0.2128405062120079
pbmc	50	2500	MKL	1.0	50	1	False	3000	11.315960884094238	6588.657934378833	0.17221479482284846	28.618422746658325	3675.1728515625	0.18871037365177937
pbmc	50	2500	BHATTACHARYYA_METRIC	1.0	50	1	False	3000	8.351386308670044	8902.378359641923	0.05161713208122958	18.29438328742981	7595.2294921875	0.14361099229968474
pbmc	50	2500	COSINE_DISTANCE	1.0	50	1	False	3000	8.906706809997559	16169.960023558797	0.013713520211283853	21.420536041259766	7041.541015625	0.1462901215437381
