#args=Namespace(dataset='cao2m', densify=False, hvg=500, k=50, lspp=25, maxiter=50, mbsize=10000, msr=['3', '4', '5', '7', '15'], n_local_trials=1, ncheckins=5, nthreads=20, prior=1.0)
#pref:17216147.
#cao2m	HVGene500	96.35371088981628
#Dataset	k	numberHVG	Measure	Prior	LocalsearchRounds	NumLocalTrials	Densified	MinibatchSize	KmeansplusplusTime	KmeansplusplusCost	KMeansplusplusARI	KMeansTime	KMeansCost	KMeansARI
cao2m	50	500	SQRL2	1.0	25	1	False	10000	122.41811609268188	2608105869.0	0.012400290506605767	120.59205341339111	1777976960.0	0.03561580813532564
cao2m	50	500	JSM	1.0	25	1	False	10000	139.6857135295868	403453.3965037402	0.016897720519204726	275.33483052253723	337365.40625	0.05966744108281964
cao2m	50	500	JSD	1.0	25	1	False	10000	176.97902011871338	86523.29925175477	0.02597331277512092	288.24237608909607	58143.421875	0.05692519850379083
cao2m	50	500	MKL	1.0	25	1	False	10000	151.47165179252625	346146.5738521125	0.017298857623842222	230.62268829345703	237617.59375	0.014966822214757767
cao2m	50	500	BHATTACHARYYA_METRIC	1.0	25	1	False	10000	106.5421142578125	417001.0500691074	0.048333576798942804	133.21021795272827	366455.375	0.12953538399074724
cao2m	50	500	COSINE_DISTANCE	1.0	25	1	False	10000	108.27454280853271	440835.212008163	0.0003433348667364427	161.42509078979492	318340.0625	0.05094589582689451
