#args=Namespace(dataset='pbmc', densify=False, hvg=500, k=50, lspp=50, maxiter=50, mbsize=10000, msr=['3', '4', '5', '7', '15'], n_local_trials=1, ncheckins=5, nthreads=20, prior=1.0)
#pref:03490459.
#pbmc	HVGene500	18.36926555633545
#Dataset	k	numberHVG	Measure	Prior	LocalsearchRounds	NumLocalTrials	Densified	MinibatchSize	KmeansplusplusTime	KmeansplusplusCost	KMeansplusplusARI	KMeansTime	KMeansCost	KMeansARI
pbmc	50	500	SQRL2	1.0	50	1	False	10000	5.693910121917725	163176759.0	0.0617068773742846	11.961642742156982	92865288.0	0.06841728945269239
pbmc	50	500	JSM	1.0	50	1	False	10000	8.236004114151001	12766.167043745043	0.07141300403845807	21.992753267288208	9531.630859375	0.11334178487746491
pbmc	50	500	JSD	1.0	50	1	False	10000	8.173666000366211	2432.609926778823	0.086978475223795	21.74201250076294	1334.43115234375	0.10935173414050658
pbmc	50	500	MKL	1.0	50	1	False	10000	6.879813194274902	9888.003229252994	0.08753581215520756	17.741361379623413	5516.20703125	0.14674089734223567
pbmc	50	500	BHATTACHARYYA_METRIC	1.0	50	1	False	10000	5.167554616928101	13314.77039327153	0.07141940121054847	15.768550395965576	10585.884765625	0.267744110506785
pbmc	50	500	COSINE_DISTANCE	1.0	50	1	False	10000	5.384755849838257	11485.02144976536	0.0807933577063055	14.088045597076416	6711.26318359375	0.09887795231582014
