#args=Namespace(dataset='cao4m', densify=False, hvg=2500, k=25, lspp=25, maxiter=50, mbsize=50000, msr=['3', '4', '5', '7', '15'], n_local_trials=1, ncheckins=5, nthreads=20, prior=1.0, topnorm=False)
#pref:50301704.
#cao4m	HVGene2500	4531.672311782837
#Dataset	k	numberHVG	Measure	Prior	LocalsearchRounds	NumLocalTrials	Densified	MinibatchSize	KmeansplusplusTime	KmeansplusplusCost	KMeansplusplusARI	KMeansTime	KMeansCost	KMeansARI
cao4m	25	2500	SQRL2	1.0	25	1	False	50000	324.9346203804016	17140934115.0	-0.042616921833745026	555.3815243244171	11178975232.0	-0.018502593989646227
cao4m	25	2500	JSM	1.0	25	1	False	50000	410.61411118507385	635841.1903980123	0.13061148982295387	1056.350620508194	510532.6875	0.02058361107392809
cao4m	25	2500	JSD	1.0	25	1	False	50000	429.0615231990814	107661.20622573514	-0.0008894879711009181	1065.022046804428	69570.6875	-0.0056584175245151525
cao4m	25	2500	MKL	1.0	25	1	False	50000	359.38792848587036	456398.89046723023	-0.016659164768125914	730.359046459198	284058.6875	-0.03147301519241847
cao4m	25	2500	BHATTACHARYYA_METRIC	1.0	25	1	False	50000	201.0248429775238	543716.0219743703	0.03503802150847548	346.14494943618774	481703.0	0.17613216877441878
cao4m	25	2500	COSINE_DISTANCE	1.0	25	1	False	50000	199.68411946296692	1407134.926351796	0.06546764065393544	381.63234400749207	558617.875	0.07848290518493652
