#args=Namespace(dataset='cao2m', densify=False, hvg=500, k=25, lspp=25, maxiter=50, mbsize=3000, msr=['3', '4', '5', '7', '15'], n_local_trials=1, ncheckins=5, nthreads=20, prior=1.0)
#pref:.6146897.
#cao2m	HVGene500	94.29311847686768
#Dataset	k	numberHVG	Measure	Prior	LocalsearchRounds	NumLocalTrials	Densified	MinibatchSize	KmeansplusplusTime	KmeansplusplusCost	KMeansplusplusARI	KMeansTime	KMeansCost	KMeansARI
cao2m	25	500	SQRL2	1.0	25	1	False	3000	81.6858971118927	2792288592.0	0.0060211116806406844	49.71640992164612	1951800832.0	0.0182955493168156
cao2m	25	500	JSM	1.0	25	1	False	3000	86.09789896011353	407619.3495131175	0.008774796338338145	126.42579984664917	345688.3125	0.035698988788439905
cao2m	25	500	JSD	1.0	25	1	False	3000	108.68553447723389	90973.75625714473	0.034951145491424335	139.66535925865173	61464.9375	0.03082413310475719
cao2m	25	500	MKL	1.0	25	1	False	3000	97.67409372329712	374099.5696790423	0.034176412627487725	107.66150641441345	246881.5	0.01154267137532252
cao2m	25	500	BHATTACHARYYA_METRIC	1.0	25	1	False	3000	69.88757252693176	426261.0871503984	0.04332454241043903	66.8026704788208	373672.125	0.13000384915868513
cao2m	25	500	COSINE_DISTANCE	1.0	25	1	False	3000	72.32699012756348	427057.5012768242	0.0005156348189026918	73.72961115837097	335663.96875	0.029962870310456403
