#args=Namespace(dataset='cao2m', densify=False, hvg=-1, k=25, lspp=0, maxiter=50, mbsize=10000, msr=['3', '4', '5', '7', '15'], n_local_trials=1, ncheckins=5, nthreads=20, prior=1.0)
#pref:84137083.
#Dataset	k	numberHVG	Measure	Prior	LocalsearchRounds	NumLocalTrials	Densified	MinibatchSize	KmeansplusplusTime	KmeansplusplusCost	KMeansplusplusARI	KMeansTime	KMeansCost	KMeansARI
cao2m	25	-1	SQRL2	1.0	0	1	False	10000	95.06884479522705	5253064614.0	0.005692921825303516	947.9113168716431	3423105024.0	0.02036232558703702
cao2m	25	-1	JSM	1.0	0	1	False	10000	133.59257245063782	127261.35880400696	0.00670195562939858	1391.9031612873077	106362.71875	0.0033000536849855456
cao2m	25	-1	JSD	1.0	0	1	False	10000	126.84807300567627	8697.696645628312	0.012500782044824832	1111.2941331863403	6018.9150390625	0.0027500766951355942
cao2m	25	-1	MKL	1.0	0	1	False	10000	100.47247076034546	31085.8375007594	0.005217581084719636	881.6764762401581	22185.716796875	0.0006089577461042953
cao2m	25	-1	BHATTACHARYYA_METRIC	1.0	0	1	False	10000	94.54125881195068	52127.40988419976	0.018242047778169037	1192.1659393310547	49322.9296875	0.006062256284727977
cao2m	25	-1	COSINE_DISTANCE	1.0	0	1	False	10000	131.34129571914673	389558.1583795142	0.0002262012300063865	1054.8327629566193	157089.234375	0.007242401828956078
