#args=Namespace(dataset='cao4m', densify=False, hvg=-1, k=50, lspp=50, maxiter=50, mbsize=3000, msr=['3', '4', '5', '7', '15'], n_local_trials=1, ncheckins=5, nthreads=20, prior=1.0, topnorm=False)
#pref:12311987.
#Dataset	k	numberHVG	Measure	Prior	LocalsearchRounds	NumLocalTrials	Densified	MinibatchSize	KmeansplusplusTime	KmeansplusplusCost	KMeansplusplusARI	KMeansTime	KMeansCost	KMeansARI
cao4m	50	-1	SQRL2	1.0	50	1	False	3000	1533.0525860786438	18121692796.0	-0.006844883983233854	2811.8787291049957	12819435520.0	-0.026137118435095225
cao4m	50	-1	JSM	1.0	50	1	False	3000	1699.0065908432007	177545.61336645973	0.04447064663890181	4110.733215808868	149899.984375	-0.008941666145833006
cao4m	50	-1	JSD	1.0	50	1	False	3000	1886.6818850040436	8808.799726147321	0.061750316150233096	4131.925939083099	6371.3095703125	-0.005378398391207088
cao4m	50	-1	MKL	1.0	50	1	False	3000	1581.90700340271	35053.64937696117	0.14204497013008457	2963.7390508651733	26843.46484375	0.016688484969468044
cao4m	50	-1	BHATTACHARYYA_METRIC	1.0	50	1	False	3000	1228.2165966033936	50749.67132367871	-0.01791477161701007	2586.817124605179	49252.328125	-0.01583302315621156
cao4m	50	-1	COSINE_DISTANCE	1.0	50	1	False	3000	3585.6146943569183	1550920.937596305	0.11973442886908113