#args=Namespace(dataset='cao2m', densify=False, hvg=-1, k=50, lspp=25, maxiter=50, mbsize=3000, msr=['3', '4', '5', '7', '15'], n_local_trials=1, ncheckins=5, nthreads=20, prior=1.0)
#pref:30474864.
#Dataset	k	numberHVG	Measure	Prior	LocalsearchRounds	NumLocalTrials	Densified	MinibatchSize	KmeansplusplusTime	KmeansplusplusCost	KMeansplusplusARI	KMeansTime	KMeansCost	KMeansARI
cao2m	50	-1	SQRL2	1.0	25	1	False	3000	535.2534332275391	5079652346.0	0.009689525669686986	1292.2075805664062	3409286656.0	0.018068951495664374
cao2m	50	-1	JSM	1.0	25	1	False	3000	686.333678483963	125083.07800787372	0.02690016202122561	1588.360509634018	107020.9375	0.00210793526161723
cao2m	50	-1	JSD	1.0	25	1	False	3000	642.1776282787323	8332.442434105324	0.014798020446281202	1987.6449978351593	6045.36181640625	0.0023120736247592474
cao2m	50	-1	MKL	1.0	25	1	False	3000	609.4983959197998	30408.043321207166	0.0009284167881792013	1407.6130459308624	22315.8125	0.0006265362559172177
cao2m	50	-1	BHATTACHARYYA_METRIC	1.0	25	1	False	3000	439.35471391677856	51215.17264528187	0.030081342677162132	1277.1181755065918	49074.9140625	0.005303217538772966
cao2m	50	-1	COSINE_DISTANCE	1.0	25	1	False	3000	787.9865975379944	389991.62321961706	0.001765004892757398	1923.7613389492035	205947.8125	0.0054247119415206345
