#args=Namespace(dataset='cao2m', densify=False, hvg=500, k=25, lspp=0, maxiter=50, mbsize=10000, msr=['3', '4', '5', '7', '15'], n_local_trials=1, ncheckins=5, nthreads=20, prior=1.0)
#pref:74510735.
#cao2m	HVGene500	88.91436243057251
#Dataset	k	numberHVG	Measure	Prior	LocalsearchRounds	NumLocalTrials	Densified	MinibatchSize	KmeansplusplusTime	KmeansplusplusCost	KMeansplusplusARI	KMeansTime	KMeansCost	KMeansARI
cao2m	25	500	SQRL2	1.0	0	1	False	10000	27.975658655166626	2873983299.0	0.007439551265120133	66.59923648834229	1933746432.0	0.02431207208386843
cao2m	25	500	JSM	1.0	0	1	False	10000	32.58306002616882	412269.3988557122	0.009160953098228683	138.097553730011	341303.8125	0.046944256194704666
cao2m	25	500	JSD	1.0	0	1	False	10000	33.31292772293091	92645.62797987089	0.027520140913391094	141.7915759086609	59459.8359375	0.04404065713960231
cao2m	25	500	MKL	1.0	0	1	False	10000	28.496414184570312	355943.49713028595	0.016812925476942235	118.6892728805542	238992.390625	0.01502998338551566
cao2m	25	500	BHATTACHARYYA_METRIC	1.0	0	1	False	10000	19.93740963935852	436859.6678248765	0.05677534720125042	67.1952760219574	372207.59375	0.1262337939380806
cao2m	25	500	COSINE_DISTANCE	1.0	0	1	False	10000	19.89336895942688	479278.3562435317	0.0010151110526932475	66.92188596725464	323602.6875	0.05598610509309812
