#args=Namespace(dataset='pbmc', densify=False, hvg=-1, k=25, lspp=0, maxiter=50, mbsize=3000, msr=['3', '4', '5', '7', '15'], n_local_trials=1, ncheckins=5, nthreads=20, prior=1.0)
#pref:32158188.
#Dataset	k	numberHVG	Measure	Prior	LocalsearchRounds	NumLocalTrials	Densified	MinibatchSize	KmeansplusplusTime	KmeansplusplusCost	KMeansplusplusARI	KMeansTime	KMeansCost	KMeansARI
pbmc	25	-1	SQRL2	1.0	0	1	False	3000	2.8209481239318848	238597268.0	0.09419814643470294	32.73465085029602	129407632.0	0.10231632405300638
pbmc	25	-1	JSM	1.0	0	1	False	3000	3.0954294204711914	3860.592106400872	0.09179064790092271	41.475491523742676	2946.24169921875	0.19092503035176736
pbmc	25	-1	JSD	1.0	0	1	False	3000	3.2031283378601074	224.78951322776265	0.12192137423328414	43.11144208908081	128.92617797851562	0.17512438015194495
pbmc	25	-1	MKL	1.0	0	1	False	3000	2.787207841873169	881.1561286346987	0.04659788776887931	30.42707872390747	524.84228515625	0.13109418720637536
pbmc	25	-1	BHATTACHARYYA_METRIC	1.0	0	1	False	3000	2.2459065914154053	1300.1648618724885	0.0576281541909382	28.719722986221313	1171.275390625	0.06236433281045792
pbmc	25	-1	COSINE_DISTANCE	1.0	0	1	False	3000	4.923620223999023	12078.538713826516	0.005578420885769607	41.853060722351074	5327.048828125	0.09773234099807125
