#args=Namespace(dataset='pbmc', densify=False, hvg=500, k=25, lspp=0, maxiter=50, mbsize=10000, msr=['3', '4', '5', '7', '15'], n_local_trials=1, ncheckins=5, nthreads=20, prior=1.0)
#pref:94892804.
#pbmc	HVGene500	17.874749660491943
#Dataset	k	numberHVG	Measure	Prior	LocalsearchRounds	NumLocalTrials	Densified	MinibatchSize	KmeansplusplusTime	KmeansplusplusCost	KMeansplusplusARI	KMeansTime	KMeansCost	KMeansARI
pbmc	25	500	SQRL2	1.0	0	1	False	10000	0.8823199272155762	186210483.0	0.08962071320417773	7.468719959259033	100878256.0	0.1011105802813695
pbmc	25	500	JSM	1.0	0	1	False	10000	1.299048900604248	13053.125407900812	0.10604346637916429	12.037948369979858	9613.9404296875	0.17184246667238193
pbmc	25	500	JSD	1.0	0	1	False	10000	1.3093698024749756	2566.9019867610186	0.1188401760396197	12.25024151802063	1359.45849609375	0.18002496383005007
pbmc	25	500	MKL	1.0	0	1	False	10000	1.0318140983581543	10325.701485991478	0.11154370475486843	9.844768047332764	5637.97607421875	0.19970635705662146
pbmc	25	500	BHATTACHARYYA_METRIC	1.0	0	1	False	10000	0.7871437072753906	13836.662710535958	0.08993621236609556	9.605943441390991	10701.1328125	0.290942695329463
pbmc	25	500	COSINE_DISTANCE	1.0	0	1	False	10000	0.8174786567687988	12501.110472153034	0.0446250188934892	7.46194863319397	6761.744140625	0.12449737699363295
