#args=Namespace(dataset='cao2m', densify=False, hvg=2500, k=50, lspp=50, maxiter=50, mbsize=50000, msr=['3', '4', '5', '7', '15'], n_local_trials=1, ncheckins=5, nthreads=20, prior=1.0, topnorm=False)
#pref:38062833.
#cao2m	HVGene2500	94.32809519767761
#Dataset	k	numberHVG	Measure	Prior	LocalsearchRounds	NumLocalTrials	Densified	MinibatchSize	KmeansplusplusTime	KmeansplusplusCost	KMeansplusplusARI	KMeansTime	KMeansCost	KMeansARI
cao2m	50	2500	SQRL2	1.0	50	1	False	50000	335.47212743759155	4017860331.0	0.006119040072315219	517.5269241333008	2593545216.0	0.04120753279758591
cao2m	50	2500	JSM	1.0	50	1	False	50000	490.74944162368774	297876.73820322054	0.010247642694777629	1011.5498406887054	250637.0	0.02057779230109627
cao2m	50	2500	JSD	1.0	50	1	False	50000	512.0839374065399	47052.25106299156	0.024969287238623378	1112.3357102870941	32460.73046875	0.023548147057651576
cao2m	50	2500	MKL	1.0	50	1	False	50000	447.1093671321869	180890.62253448367	0.002154801401969789	839.8063786029816	129280.984375	0.007417587219142892
cao2m	50	2500	BHATTACHARYYA_METRIC	1.0	50	1	False	50000	295.04615211486816	268992.30488771567	0.04058180746170883	501.2685546875	247970.96875	0.11043901935153885
cao2m	50	2500	COSINE_DISTANCE	1.0	50	1	False	50000	299.804114818573	521539.21247639414	0.0015414133625056509	528.5380477905273	262271.25	0.056229265342935604
