#args=Namespace(dataset='cao2m', densify=False, hvg=-1, k=25, lspp=25, maxiter=50, mbsize=50000, msr=['3', '4', '5', '7', '15'], n_local_trials=1, ncheckins=5, nthreads=20, prior=1.0)
#pref:52026185.
#Dataset	k	numberHVG	Measure	Prior	LocalsearchRounds	NumLocalTrials	Densified	MinibatchSize	KmeansplusplusTime	KmeansplusplusCost	KMeansplusplusARI	KMeansTime	KMeansCost	KMeansARI
cao2m	25	-1	SQRL2	1.0	25	1	False	50000	287.2998728752136	5221730377.0	0.004908813653276251	1727.8240549564362	3346332672.0	0.021767274716778955
cao2m	25	-1	JSM	1.0	25	1	False	50000	428.9793121814728	125940.86089274376	0.0055620839778864764	2095.6314158439636	105553.3671875	0.003658355093403413
cao2m	25	-1	JSD	1.0	25	1	False	50000	405.5836069583893	8606.315474245814	0.03154648003193251	2259.3004701137543	5903.8095703125	0.0037555242614565453
cao2m	25	-1	MKL	1.0	25	1	False	50000	329.44223713874817	32333.242373913527	0.010055215714566206	1258.9417459964752	23096.3359375	0.0012824261577595872
cao2m	25	-1	BHATTACHARYYA_METRIC	1.0	25	1	False	50000	280.47113966941833	51801.8866896945	0.015254237552317616	2071.6093804836273	49106.71875	0.009653382047764798
cao2m	25	-1	COSINE_DISTANCE	1.0	25	1	False	50000	436.8705413341522	393625.09363385994	0.0007925483957930112	1574.6785728931427	175690.265625	0.01810703842965991
