#args=Namespace(dataset='cao2m', densify=False, hvg=500, k=25, lspp=0, maxiter=50, mbsize=50000, msr=['3', '4', '5', '7', '15'], n_local_trials=1, ncheckins=5, nthreads=20, prior=1.0)
#pref:05303446.
#cao2m	HVGene500	85.79935216903687
#Dataset	k	numberHVG	Measure	Prior	LocalsearchRounds	NumLocalTrials	Densified	MinibatchSize	KmeansplusplusTime	KmeansplusplusCost	KMeansplusplusARI	KMeansTime	KMeansCost	KMeansARI
cao2m	25	500	SQRL2	1.0	0	1	False	50000	26.317549228668213	2873983299.0	0.007439551265120133	81.95450115203857	1899580672.0	0.021410667270978217
cao2m	25	500	JSM	1.0	0	1	False	50000	33.053723096847534	412269.3988557122	0.009160953098228683	166.34739232063293	339995.875	0.05432831061226333
cao2m	25	500	JSD	1.0	0	1	False	50000	33.691325187683105	92645.62797987089	0.027520140913391094	169.09803676605225	59050.11328125	0.04869388095258015
cao2m	25	500	MKL	1.0	0	1	False	50000	28.772729873657227	355943.49713028595	0.016812925476942235	137.51815128326416	237318.0	0.017434410969973297
cao2m	25	500	BHATTACHARYYA_METRIC	1.0	0	1	False	50000	20.329485177993774	436859.6678248765	0.05677534720125042	82.64863872528076	371965.0625	0.12315320074777072
cao2m	25	500	COSINE_DISTANCE	1.0	0	1	False	50000	20.540323734283447	488063.7723642382	0.0008076730967234353	82.30806636810303	318741.625	0.06129628888068025
