#args=Namespace(dataset='cao4m', densify=False, hvg=500, k=50, lspp=25, maxiter=50, mbsize=10000, msr=['3', '4', '5', '7', '15'], n_local_trials=1, ncheckins=5, nthreads=20, prior=1.0)
#pref:89899465.
#cao4m	HVGene500	2241.5757093429565
#Dataset	k	numberHVG	Measure	Prior	LocalsearchRounds	NumLocalTrials	Densified	MinibatchSize	KmeansplusplusTime	KmeansplusplusCost	KMeansplusplusARI	KMeansTime	KMeansCost	KMeansARI
cao4m	50	500	SQRL2	1.0	25	1	False	10000	187.784916639328	11324763991.0	0.009719731671411536	240.26429986953735	7918702080.0	-0.01875304702716377
cao4m	50	500	JSM	1.0	25	1	False	10000	264.2167241573334	815923.8460700278	-0.025670998583171335	448.1477847099304	655940.875	0.060992757577353215
cao4m	50	500	JSD	1.0	25	1	False	10000	267.79737758636475	174926.44446052262	-0.008644515989850835	442.9878797531128	112459.71875	-0.012335570563930186
cao4m	50	500	MKL	1.0	25	1	False	10000	222.88697934150696	779925.8380170623	0.019994983619868966	344.9646956920624	470790.8125	-0.03782950031392752
cao4m	50	500	BHATTACHARYYA_METRIC	1.0	25	1	False	10000	153.0180790424347	826160.1247601218	0.04942483821995898	224.4043951034546	679852.6875	0.06846469944368203
cao4m	50	500	COSINE_DISTANCE	1.0	25	1	False	10000	165.72720646858215	1497162.7918803706	0.13281438189213374	238.4549925327301	664332.5625	0.05438406563978083
