#args=Namespace(dataset='pbmc', densify=False, hvg=500, k=25, lspp=0, maxiter=50, mbsize=50000, msr=['3', '4', '5', '7', '15'], n_local_trials=1, ncheckins=5, nthreads=20, prior=1.0)
#pref:.9507825.
#pbmc	HVGene500	19.88938021659851
#Dataset	k	numberHVG	Measure	Prior	LocalsearchRounds	NumLocalTrials	Densified	MinibatchSize	KmeansplusplusTime	KmeansplusplusCost	KMeansplusplusARI	KMeansTime	KMeansCost	KMeansARI
pbmc	25	500	SQRL2	1.0	0	1	False	50000	0.8935604095458984	186210483.0	0.08962071320417773	36.35150766372681	100137752.0	0.1025741334424266
pbmc	25	500	JSM	1.0	0	1	False	50000	1.2147157192230225	13053.125407900812	0.10604346637916429	48.390607833862305	9603.0576171875	0.16930070725315902
pbmc	25	500	JSD	1.0	0	1	False	50000	1.1812667846679688	2566.9019867610186	0.1188401760396197	47.74190807342529	1367.3017578125	0.16538534486060516
pbmc	25	500	MKL	1.0	0	1	False	50000	0.99666428565979	10325.701485991478	0.11154370475486843	42.840123653411865	5618.75244140625	0.19836621843220414
pbmc	25	500	BHATTACHARYYA_METRIC	1.0	0	1	False	50000	0.7623724937438965	13836.662710535958	0.08993621236609556	42.937983989715576	10675.044921875	0.28520477044327247
pbmc	25	500	COSINE_DISTANCE	1.0	0	1	False	50000	0.8301091194152832	12422.987344844276	0.03179154331967212	32.90712904930115	6723.87353515625	0.12392431786076763
