#args=Namespace(dataset='cao4m', densify=False, hvg=500, k=25, lspp=25, maxiter=50, mbsize=50000, msr=['3', '4', '5', '7', '15'], n_local_trials=1, ncheckins=5, nthreads=20, prior=1.0)
#pref:76122432.
#cao4m	HVGene500	2401.2464113235474
#Dataset	k	numberHVG	Measure	Prior	LocalsearchRounds	NumLocalTrials	Densified	MinibatchSize	KmeansplusplusTime	KmeansplusplusCost	KMeansplusplusARI	KMeansTime	KMeansCost	KMeansARI
cao4m	25	500	SQRL2	1.0	25	1	False	50000	152.87570595741272	13323699369.0	-0.04371903156744957	138.51248788833618	8778063872.0	0.006137021810988647
cao4m	25	500	JSM	1.0	25	1	False	50000	163.77416515350342	839832.8820807108	-0.028367761489125405	259.05410623550415	682089.5	-0.013822901295597738
cao4m	25	500	JSD	1.0	25	1	False	50000	173.752450466156	185711.14517495735	-0.03497402192063681	262.185631275177	121403.734375	-0.013410017282500665
cao4m	25	500	MKL	1.0	25	1	False	50000	142.33128690719604	838078.7722535357	0.04507393484872945	205.39355754852295	496790.96875	-0.04653166616417768
cao4m	25	500	BHATTACHARYYA_METRIC	1.0	25	1	False	50000	103.18715643882751	845681.1096677914	0.033216381604878685	126.79100608825684	710850.375	0.1044726315836785
cao4m	25	500	COSINE_DISTANCE	1.0	25	1	False	50000	101.52334547042847	1428984.9196826655	0.06362219883270072	141.5785355567932	664781.375	0.030862416946348146
