#args=Namespace(dataset='cao4m', densify=False, hvg=-1, k=25, lspp=25, maxiter=50, mbsize=50000, msr=['3', '4', '5', '7', '15'], n_local_trials=1, ncheckins=5, nthreads=20, prior=1.0, topnorm=False)
#pref:74249635.
#Dataset	k	numberHVG	Measure	Prior	LocalsearchRounds	NumLocalTrials	Densified	MinibatchSize	KmeansplusplusTime	KmeansplusplusCost	KMeansplusplusARI	KMeansTime	KMeansCost	KMeansARI
cao4m	25	-1	SQRL2	1.0	25	1	False	50000	792.9474391937256	19569267817.0	-0.0318414959023021	3327.7441895008087	13109540864.0	-0.019028839698397325
cao4m	25	-1	JSM	1.0	25	1	False	50000	823.3589942455292	179622.12876603595	-0.0354426917110145	5634.621201753616	148390.09375	-0.013238596492433545
cao4m	25	-1	JSD	1.0	25	1	False	50000	914.6398470401764	9044.608354849217	0.023223137931714898	5162.578761577606	6302.603515625	-0.01234121102609395
cao4m	25	-1	MKL	1.0	25	1	False	50000	757.9270195960999	35728.170103434706	-0.023617588787243557	3204.160785675049	26290.48046875	0.0023337307769409417
cao4m	25	-1	BHATTACHARYYA_METRIC	1.0	25	1	False	50000	621.8811333179474	51695.19952184897	-0.01928948235624175	3103.7774646282196	49883.421875	-0.02301082008591376
cao4m	25	-1	COSINE_DISTANCE	1.0	25	1	False	50000	1792.3125762939453	1558841.9907338307	0.06689293137746748	4337.322975873947	255268.46875	0.10722285982355814
