#args=Namespace(dataset='cao4m', densify=False, hvg=500, k=50, lspp=50, maxiter=50, mbsize=3000, msr=['3', '4', '5', '7', '15'], n_local_trials=1, ncheckins=5, nthreads=20, prior=1.0)
#pref:23670317.
#cao4m	HVGene500	2402.3281393051147
#Dataset	k	numberHVG	Measure	Prior	LocalsearchRounds	NumLocalTrials	Densified	MinibatchSize	KmeansplusplusTime	KmeansplusplusCost	KMeansplusplusARI	KMeansTime	KMeansCost	KMeansARI
cao4m	50	500	SQRL2	1.0	50	1	False	3000	270.5542812347412	10949815727.0	-0.007228974538813723	225.28658986091614	8383718400.0	-0.014836909001425303
cao4m	50	500	JSM	1.0	50	1	False	3000	334.1649305820465	810731.0065273046	-0.017468223850265807	428.4929940700531	666746.125	-0.00473537735182647
cao4m	50	500	JSD	1.0	50	1	False	3000	339.0426423549652	172669.226967199	-0.03333235538563019	425.35137033462524	116077.421875	-0.036216610791685803
cao4m	50	500	MKL	1.0	50	1	False	3000	292.7934572696686	775432.7474813545	0.04671539957879204	342.2484152317047	486859.875	-0.02542400968039355
cao4m	50	500	BHATTACHARYYA_METRIC	1.0	50	1	False	3000	204.1646864414215	816882.6462111571	0.04897777843077578	233.90488147735596	684273.375	0.07402054567846754
cao4m	50	500	COSINE_DISTANCE	1.0	50	1	False	3000	211.10923600196838	1441166.4630410115	0.12030440395488967	257.9773807525635	690611.125	0.059427115039253756
