#args=Namespace(dataset='cao2m', densify=False, hvg=500, k=25, lspp=25, maxiter=50, mbsize=50000, msr=['3', '4', '5', '7', '15'], n_local_trials=1, ncheckins=5, nthreads=20, prior=1.0)
#pref:92090027.
#cao2m	HVGene500	103.89561891555786
#Dataset	k	numberHVG	Measure	Prior	LocalsearchRounds	NumLocalTrials	Densified	MinibatchSize	KmeansplusplusTime	KmeansplusplusCost	KMeansplusplusARI	KMeansTime	KMeansCost	KMeansARI
cao2m	25	500	SQRL2	1.0	25	1	False	50000	78.78108191490173	2797332543.0	0.005266691270246457	82.38477754592896	1891554560.0	0.0204349419979387
cao2m	25	500	JSM	1.0	25	1	False	50000	110.40959858894348	406842.64164734446	0.010635766374162687	161.899334192276	340040.0625	0.0520756424993651
cao2m	25	500	JSD	1.0	25	1	False	50000	109.77140426635742	90973.75625714473	0.034951145491424335	163.82589602470398	58980.04296875	0.0524861911255253
cao2m	25	500	MKL	1.0	25	1	False	50000	97.31197905540466	386093.0131396558	0.01417861347101454	109.18400526046753	236755.28125	0.01688909637590272
cao2m	25	500	BHATTACHARYYA_METRIC	1.0	25	1	False	50000	54.60470700263977	428440.24006198026	0.04578045154982459	75.34180903434753	371912.78125	0.12258316894528341
cao2m	25	500	COSINE_DISTANCE	1.0	25	1	False	50000	73.53221654891968	434056.68138385756	0.00031859529329799003	84.36598658561707	318134.6875	0.05822135304656511
