#args=Namespace(dataset='cao4m', densify=False, hvg=500, k=25, lspp=0, maxiter=50, mbsize=50000, msr=['3', '4', '5', '7', '15'], n_local_trials=1, ncheckins=5, nthreads=20, prior=1.0)
#pref:51675684.
#cao4m	HVGene500	2460.5042612552643
#Dataset	k	numberHVG	Measure	Prior	LocalsearchRounds	NumLocalTrials	Densified	MinibatchSize	KmeansplusplusTime	KmeansplusplusCost	KMeansplusplusARI	KMeansTime	KMeansCost	KMeansARI
cao4m	25	500	SQRL2	1.0	0	1	False	50000	53.61284041404724	13367116826.0	-0.03669278318821207	144.8094732761383	8542670848.0	-0.010918515400860087
cao4m	25	500	JSM	1.0	0	1	False	50000	47.51675295829773	847924.077350419	-0.020983297356053265	259.1212525367737	680088.5	-0.017659766610010237
cao4m	25	500	JSD	1.0	0	1	False	50000	46.1958122253418	222053.34258307703	0.0683444821168763	258.5276265144348	121145.921875	-0.010378373172656625
cao4m	25	500	MKL	1.0	0	1	False	50000	39.42985200881958	797516.315310372	-0.04308098221540129	203.2896044254303	500846.28125	-0.047198248732696735
cao4m	25	500	BHATTACHARYYA_METRIC	1.0	0	1	False	50000	28.49283790588379	851692.0302004672	0.040074932589188615	131.78996896743774	710231.1875	0.09965813707010264
cao4m	25	500	COSINE_DISTANCE	1.0	0	1	False	50000	28.820520162582397	1377532.1746254046	-0.007333628369151447	140.52987718582153	670173.375	0.08690846868699574
