#args=Namespace(dataset='pbmc', densify=False, hvg=2500, k=50, lspp=50, maxiter=50, mbsize=50000, msr=['3', '4', '5', '7', '15'], n_local_trials=1, ncheckins=5, nthreads=20, prior=1.0, topnorm=False)
#pref:55178104.
#pbmc	HVGene2500	58.28685188293457
#Dataset	k	numberHVG	Measure	Prior	LocalsearchRounds	NumLocalTrials	Densified	MinibatchSize	KmeansplusplusTime	KmeansplusplusCost	KMeansplusplusARI	KMeansTime	KMeansCost	KMeansARI
pbmc	50	2500	SQRL2	1.0	50	1	False	50000	9.152472496032715	195346829.0	0.06289424356078298	117.47763419151306	110631776.0	0.06587923912048842
pbmc	50	2500	JSM	1.0	50	1	False	50000	14.175691604614258	10318.396966844019	0.08430651769639552	241.28565669059753	7733.095703125	0.11888646122412316
pbmc	50	2500	JSD	1.0	50	1	False	50000	14.535056829452515	1590.3984688268974	0.07587111291770622	275.1323525905609	878.7586059570312	0.11821362480535053
pbmc	50	2500	MKL	1.0	50	1	False	50000	11.847191095352173	6588.657934378833	0.17221479482284846	185.5357916355133	3534.538330078125	0.16803046422053172
pbmc	50	2500	BHATTACHARYYA_METRIC	1.0	50	1	False	50000	8.33086371421814	8891.576148491527	0.04859184537877142	146.14674305915833	7677.48828125	0.15965260736266507
pbmc	50	2500	COSINE_DISTANCE	1.0	50	1	False	50000	9.274919986724854	15090.86861723716	0.00498902938974586	147.35976934432983	6671.455078125	0.09368452401617518
