#args=Namespace(dataset='cao4m', densify=False, hvg=500, k=50, lspp=50, maxiter=50, mbsize=10000, msr=['3', '4', '5', '7', '15'], n_local_trials=1, ncheckins=5, nthreads=20, prior=1.0)
#pref:87425184.
#cao4m	HVGene500	2362.086320400238
#Dataset	k	numberHVG	Measure	Prior	LocalsearchRounds	NumLocalTrials	Densified	MinibatchSize	KmeansplusplusTime	KmeansplusplusCost	KMeansplusplusARI	KMeansTime	KMeansCost	KMeansARI
cao4m	50	500	SQRL2	1.0	50	1	False	10000	261.6096589565277	11274456331.0	-0.0112582942847034	242.89203929901123	7967403008.0	0.0380486434291897
cao4m	50	500	JSM	1.0	50	1	False	10000	332.8405849933624	809790.1387851525	-0.02059580019997279	444.94605350494385	656304.5	0.004533393087332479
cao4m	50	500	JSD	1.0	50	1	False	10000	365.0929317474365	174711.45423296676	-0.03386069366347202	452.55731320381165	112711.75	-0.005369478885416327
cao4m	50	500	MKL	1.0	50	1	False	10000	296.8689730167389	797697.3535152199	0.0493276616878515	356.34808683395386	471225.75	-0.03899288447351008
cao4m	50	500	BHATTACHARYYA_METRIC	1.0	50	1	False	10000	206.52584862709045	823240.622982909	0.04243779682561655	229.05564498901367	678874.625	0.06504217373931301
cao4m	50	500	COSINE_DISTANCE	1.0	50	1	False	10000	212.70709824562073	1460023.156298038	0.11430274825226716	247.16140747070312	657403.625	0.051701972025720744
