#args=Namespace(dataset='pbmc', densify=False, hvg=2500, k=25, lspp=25, maxiter=50, mbsize=3000, msr=['3', '4', '5', '7', '15'], n_local_trials=1, ncheckins=5, nthreads=20, prior=1.0, topnorm=False)
#pref:95311957.
#pbmc	HVGene2500	54.55774521827698
#Dataset	k	numberHVG	Measure	Prior	LocalsearchRounds	NumLocalTrials	Densified	MinibatchSize	KmeansplusplusTime	KmeansplusplusCost	KMeansplusplusARI	KMeansTime	KMeansCost	KMeansARI
pbmc	25	2500	SQRL2	1.0	25	1	False	3000	4.22395133972168	211537087.0	0.08362664428445876	10.826836585998535	119978568.0	0.10547990219414305
pbmc	25	2500	JSM	1.0	25	1	False	3000	6.373153448104858	10481.525669528737	0.06653725370004715	19.169177532196045	7881.728515625	0.20404294327134145
pbmc	25	2500	JSD	1.0	25	1	False	3000	6.402115106582642	1638.0936373770237	0.11051087906750387	20.98301649093628	914.9779052734375	0.2100173444513821
pbmc	25	2500	MKL	1.0	25	1	False	3000	5.660751819610596	6794.530338708311	0.10442659069808063	15.76490044593811	3702.791259765625	0.18677037461897367
pbmc	25	2500	BHATTACHARYYA_METRIC	1.0	25	1	False	3000	4.072779178619385	9223.656216919815	0.04061903238839369	10.439539670944214	7762.39599609375	0.13988500524217168
pbmc	25	2500	COSINE_DISTANCE	1.0	25	1	False	3000	4.2523651123046875	15721.345522083293	0.0017042599562486652	11.717417240142822	7074.779296875	0.16333299050025912
