#args=Namespace(dataset='pbmc', densify=False, hvg=2500, k=25, lspp=0, maxiter=50, mbsize=10000, msr=['3', '4', '5', '7', '15'], n_local_trials=1, ncheckins=5, nthreads=20, prior=1.0, topnorm=False)
#pref:82408408.
#pbmc	HVGene2500	57.756049156188965
#Dataset	k	numberHVG	Measure	Prior	LocalsearchRounds	NumLocalTrials	Densified	MinibatchSize	KmeansplusplusTime	KmeansplusplusCost	KMeansplusplusARI	KMeansTime	KMeansCost	KMeansARI
pbmc	25	2500	SQRL2	1.0	0	1	False	10000	1.1600217819213867	218630490.0	0.0911421684342341	15.585335969924927	119014256.0	0.10250260313621182
pbmc	25	2500	JSM	1.0	0	1	False	10000	2.2755017280578613	10546.44975945896	0.09801599998775737	41.92681264877319	7820.8095703125	0.19032651993596492
pbmc	25	2500	JSD	1.0	0	1	False	10000	2.2134690284729004	1657.7157833073288	0.13080268556055433	41.794464111328125	903.4065551757812	0.18775059294940766
pbmc	25	2500	MKL	1.0	0	1	False	10000	1.8816871643066406	6713.998093467206	0.08547925841118566	29.202974796295166	3628.037109375	0.19546545204612167
pbmc	25	2500	BHATTACHARYYA_METRIC	1.0	0	1	False	10000	1.0177927017211914	9255.088664345029	0.05137923071356195	18.31764841079712	7693.1181640625	0.12247240336264519
pbmc	25	2500	COSINE_DISTANCE	1.0	0	1	False	10000	1.1451103687286377	14083.929223004454	0.0011033337939308737	15.796802997589111	6900.2587890625	0.14022878300977792
