#args=Namespace(dataset='cao4m', densify=False, hvg=2500, k=25, lspp=0, maxiter=50, mbsize=3000, msr=['3', '4', '5', '7', '15'], n_local_trials=1, ncheckins=5, nthreads=20, prior=1.0, topnorm=False)
#pref:82095036.
#cao4m	HVGene2500	4149.097922325134
#Dataset	k	numberHVG	Measure	Prior	LocalsearchRounds	NumLocalTrials	Densified	MinibatchSize	KmeansplusplusTime	KmeansplusplusCost	KMeansplusplusARI	KMeansTime	KMeansCost	KMeansARI
cao4m	25	2500	SQRL2	1.0	0	1	False	3000	105.31108212471008	17228951719.0	-0.03609673310009161	302.77119064331055	12304068608.0	-0.0268049016597464
cao4m	25	2500	JSM	1.0	0	1	False	3000	96.30528092384338	640809.0599843827	0.07622323812456114	725.9696826934814	521629.875	0.1347538452247961
cao4m	25	2500	JSD	1.0	0	1	False	3000	131.67337203025818	117462.42383384053	0.021001681153622855	795.4626362323761	73709.46875	-0.029264900565021467
cao4m	25	2500	MKL	1.0	0	1	False	3000	106.19167709350586	438044.66722473875	0.09398975217267397	618.1388697624207	297220.25	-0.007925393155894463
cao4m	25	2500	BHATTACHARYYA_METRIC	1.0	0	1	False	3000	70.51988887786865	545642.2020105239	0.03624602004682201	425.58587288856506	485267.84375	0.16275915522486561
cao4m	25	2500	COSINE_DISTANCE	1.0	0	1	False	3000	75.24834394454956	1390264.9105916005	0.02561773445209755	439.1554334163666	592845.75	0.09879456124139398
