#args=Namespace(dataset='pbmc', densify=False, hvg=2500, k=50, lspp=50, maxiter=50, mbsize=10000, msr=['3', '4', '5', '7', '15'], n_local_trials=1, ncheckins=5, nthreads=20, prior=1.0, topnorm=False)
#pref:58411597.
#pbmc	HVGene2500	52.78681659698486
#Dataset	k	numberHVG	Measure	Prior	LocalsearchRounds	NumLocalTrials	Densified	MinibatchSize	KmeansplusplusTime	KmeansplusplusCost	KMeansplusplusARI	KMeansTime	KMeansCost	KMeansARI
pbmc	50	2500	SQRL2	1.0	50	1	False	10000	8.442595720291138	194994828.0	0.06171602580779356	36.168616771698	110999120.0	0.06764968147234171
pbmc	50	2500	JSM	1.0	50	1	False	10000	12.214527130126953	10327.255449503526	0.08223342480539345	60.49118947982788	7763.0390625	0.16340920173101056
pbmc	50	2500	JSD	1.0	50	1	False	10000	12.74363088607788	1590.343304994516	0.07585415752865896	63.70296120643616	887.0338745117188	0.1623849471299995
pbmc	50	2500	MKL	1.0	50	1	False	10000	10.797349452972412	6550.256819978356	0.1353593901874926	46.43619632720947	3590.412109375	0.1982735740158523
pbmc	50	2500	BHATTACHARYYA_METRIC	1.0	50	1	False	10000	6.365599632263184	8899.659076469878	0.05352609374142171	26.424716234207153	7752.0625	0.17199185434701453
pbmc	50	2500	COSINE_DISTANCE	1.0	50	1	False	10000	6.636797666549683	15304.716203472195	0.007664339839732633	30.670282125473022	6941.4814453125	0.11240591511044289
