#args=Namespace(dataset='cao2m', densify=False, hvg=500, k=50, lspp=25, maxiter=50, mbsize=3000, msr=['3', '4', '5', '7', '15'], n_local_trials=1, ncheckins=5, nthreads=20, prior=1.0)
#pref:51863785.
#cao2m	HVGene500	98.22127914428711
#Dataset	k	numberHVG	Measure	Prior	LocalsearchRounds	NumLocalTrials	Densified	MinibatchSize	KmeansplusplusTime	KmeansplusplusCost	KMeansplusplusARI	KMeansTime	KMeansCost	KMeansARI
cao2m	50	500	SQRL2	1.0	25	1	False	3000	122.19027018547058	2594499416.0	0.012483973033815784	129.11362719535828	1855251840.0	0.020407803651079713
cao2m	50	500	JSM	1.0	25	1	False	3000	173.49844789505005	402841.5078171108	0.02157638854666499	255.8997187614441	343621.8125	0.03434561579689346
cao2m	50	500	JSD	1.0	25	1	False	3000	178.40471148490906	86694.20974795334	0.02898979521363677	266.26547956466675	60355.8984375	0.03461292180672006
cao2m	50	500	MKL	1.0	25	1	False	3000	155.70825624465942	346149.8121830579	0.013661485370155485	212.7837393283844	244659.03125	0.012217667904170887
cao2m	50	500	BHATTACHARYYA_METRIC	1.0	25	1	False	3000	106.73376369476318	418069.97559730243	0.048943340615566475	112.35816311836243	369225.3125	0.12606557622577336
cao2m	50	500	COSINE_DISTANCE	1.0	25	1	False	3000	91.37715458869934	442117.93015762465	0.0005291202324326384	146.6148715019226	332322.6875	0.04124971595133507
