#args=Namespace(dataset='cao2m', densify=False, hvg=2500, k=25, lspp=0, maxiter=50, mbsize=10000, msr=['3', '4', '5', '7', '15'], n_local_trials=1, ncheckins=5, nthreads=20, prior=1.0, topnorm=False)
#pref:75378535.
#cao2m	HVGene2500	95.66068816184998
#Dataset	k	numberHVG	Measure	Prior	LocalsearchRounds	NumLocalTrials	Densified	MinibatchSize	KmeansplusplusTime	KmeansplusplusCost	KMeansplusplusARI	KMeansTime	KMeansCost	KMeansARI
cao2m	25	2500	SQRL2	1.0	0	1	False	10000	58.440919399261475	4319360269.0	0.006535643814228182	220.15515065193176	2812093696.0	0.017991429126092345
cao2m	25	2500	JSM	1.0	0	1	False	10000	78.97939014434814	302011.3652276316	0.010517810972566335	480.832190990448	253967.078125	0.01247936582360008
cao2m	25	2500	JSD	1.0	0	1	False	10000	80.88606262207031	49920.56799439434	0.020966921050844262	469.06642961502075	33302.734375	0.014343480508609775
cao2m	25	2500	MKL	1.0	0	1	False	10000	58.60616135597229	188636.70970621333	0.017121314544242795	336.2174506187439	132082.4375	0.002924842709912977
cao2m	25	2500	BHATTACHARYYA_METRIC	1.0	0	1	False	10000	45.80764079093933	275222.48988575523	0.03823893061841962	224.2245135307312	249502.828125	0.0981877703342268
cao2m	25	2500	COSINE_DISTANCE	1.0	0	1	False	10000	45.63440179824829	497616.5100443152	0.0014118513621775453	240.5348470211029	268948.5625	0.02606309973757928
