#args=Namespace(dataset='pbmc', densify=False, hvg=2500, k=25, lspp=25, maxiter=50, mbsize=50000, msr=['3', '4', '5', '7', '15'], n_local_trials=1, ncheckins=5, nthreads=20, prior=1.0, topnorm=False)
#pref:76934827.
#pbmc	HVGene2500	66.11677384376526
#Dataset	k	numberHVG	Measure	Prior	LocalsearchRounds	NumLocalTrials	Densified	MinibatchSize	KmeansplusplusTime	KmeansplusplusCost	KMeansplusplusARI	KMeansTime	KMeansCost	KMeansARI
pbmc	25	2500	SQRL2	1.0	25	1	False	50000	4.403146266937256	211537087.0	0.08362664428445876	98.98143863677979	118193928.0	0.10509025313780739
pbmc	25	2500	JSM	1.0	25	1	False	50000	6.326099395751953	10467.816424682282	0.05691785434669559	147.1519112586975	7801.708984375	0.1821701398778831
pbmc	25	2500	JSD	1.0	25	1	False	50000	5.132248163223267	1629.2946812640876	0.11785766926844903	169.99991917610168	898.1898193359375	0.17921882814909826
pbmc	25	2500	MKL	1.0	25	1	False	50000	6.059147834777832	6821.713422197849	0.10645867603311301	133.6518874168396	3609.94189453125	0.18749008262849565
pbmc	25	2500	BHATTACHARYYA_METRIC	1.0	25	1	False	50000	4.37721848487854	9191.0467243858	0.0374911681501574	107.9275860786438	7810.86181640625	0.15314035584856656
pbmc	25	2500	COSINE_DISTANCE	1.0	25	1	False	50000	4.726724147796631	16021.44710174092	0.0006252058250987274	104.96724891662598	6759.431640625	0.1316996521071987
