#args=Namespace(dataset='pbmc', densify=False, hvg=2500, k=25, lspp=25, maxiter=50, mbsize=10000, msr=['3', '4', '5', '7', '15'], n_local_trials=1, ncheckins=5, nthreads=20, prior=1.0, topnorm=False)
#pref:65450629.
#pbmc	HVGene2500	65.61193585395813
#Dataset	k	numberHVG	Measure	Prior	LocalsearchRounds	NumLocalTrials	Densified	MinibatchSize	KmeansplusplusTime	KmeansplusplusCost	KMeansplusplusARI	KMeansTime	KMeansCost	KMeansARI
pbmc	25	2500	SQRL2	1.0	25	1	False	10000	4.630623817443848	211537087.0	0.08362664428445876	22.1183922290802	119027808.0	0.10403065344369283
pbmc	25	2500	JSM	1.0	25	1	False	10000	6.68456244468689	10481.525669528737	0.06653725370004715	40.21698498725891	7821.51708984375	0.18214022475565592
pbmc	25	2500	JSD	1.0	25	1	False	10000	6.730441331863403	1638.0936373770237	0.11051087906750387	39.69496750831604	898.3094482421875	0.18993093230249264
pbmc	25	2500	MKL	1.0	25	1	False	10000	5.53376030921936	6821.713422197849	0.10645867603311301	32.32079267501831	3632.43408203125	0.2068701312814714
pbmc	25	2500	BHATTACHARYYA_METRIC	1.0	25	1	False	10000	4.166200160980225	9223.656216919815	0.04061903238839369	24.196444749832153	7811.6826171875	0.16027815799377512
pbmc	25	2500	COSINE_DISTANCE	1.0	25	1	False	10000	4.23505711555481	15711.370040518425	0.00024880046732387066	22.052169799804688	6927.875	0.1559951874957764
