#args=Namespace(dataset='pbmc', densify=False, hvg=-1, k=50, lspp=50, maxiter=50, mbsize=3000, msr=['3', '4', '5', '7', '15'], n_local_trials=1, ncheckins=5, nthreads=20, prior=1.0)
#pref:06262533.
#Dataset	k	numberHVG	Measure	Prior	LocalsearchRounds	NumLocalTrials	Densified	MinibatchSize	KmeansplusplusTime	KmeansplusplusCost	KMeansplusplusARI	KMeansTime	KMeansCost	KMeansARI
pbmc	50	-1	SQRL2	1.0	50	1	False	3000	17.770045042037964	216715106.0	0.06850830662614023	63.3365581035614	124086632.0	0.08540607822779002
pbmc	50	-1	JSM	1.0	50	1	False	3000	23.28353714942932	3789.022067898388	0.08235555427333097	75.51930618286133	2924.248046875	0.17109484981144527
pbmc	50	-1	JSD	1.0	50	1	False	3000	23.28526210784912	215.73641667224	0.08738111160479592	76.5671329498291	126.49555206298828	0.18872850106723268
pbmc	50	-1	MKL	1.0	50	1	False	3000	20.992706537246704	856.5079460330307	0.15521001610236282	54.95924520492554	513.186279296875	0.14799756996036062
pbmc	50	-1	BHATTACHARYYA_METRIC	1.0	50	1	False	3000	17.0551917552948	1252.3194053344532	0.04140091189472151	57.960671186447144	1148.6192626953125	0.05292296372394564
pbmc	50	-1	COSINE_DISTANCE	1.0	50	1	False	3000	41.699713706970215	13398.439925026132	0.010942410126817776	87.24861645698547	4683.6484375	0.14775464470345315
