#args=Namespace(dataset='cao4m', densify=False, hvg=-1, k=25, lspp=25, maxiter=50, mbsize=3000, msr=['3', '4', '5', '7', '15'], n_local_trials=1, ncheckins=5, nthreads=20, prior=1.0, topnorm=False)
#pref:40655656.
#Dataset	k	numberHVG	Measure	Prior	LocalsearchRounds	NumLocalTrials	Densified	MinibatchSize	KmeansplusplusTime	KmeansplusplusCost	KMeansplusplusARI	KMeansTime	KMeansCost	KMeansARI
cao4m	25	-1	SQRL2	1.0	25	1	False	3000	770.4391007423401	20180370649.0	0.06818627793363105	1736.883862733841	14125039616.0	-0.02465721830679949
cao4m	25	-1	JSM	1.0	25	1	False	3000	821.5303325653076	179399.0551878243	-0.02129627547266811	2559.078448534012	152392.125	-0.00853003877446199
cao4m	25	-1	JSD	1.0	25	1	False	3000	906.3094637393951	9105.848723627394	0.02677187621889856	2484.3927023410797	6580.931640625	-0.0074801281213360445
cao4m	25	-1	MKL	1.0	25	1	False	3000	777.3549520969391	35835.15873733745	-0.02875627728691373	1836.8219721317291	27268.28125	0.003035297140994868
cao4m	25	-1	BHATTACHARYYA_METRIC	1.0	25	1	False	3000	617.7518699169159	51794.58581603061	-0.01989573639916213	1574.3734040260315	50593.203125	-0.016664434026802948
