#args=Namespace(dataset='pbmc', densify=False, hvg=500, k=25, lspp=0, maxiter=50, mbsize=3000, msr=['3', '4', '5', '7', '15'], n_local_trials=1, ncheckins=5, nthreads=20, prior=1.0)
#pref:10591534.
#pbmc	HVGene500	19.056041717529297
#Dataset	k	numberHVG	Measure	Prior	LocalsearchRounds	NumLocalTrials	Densified	MinibatchSize	KmeansplusplusTime	KmeansplusplusCost	KMeansplusplusARI	KMeansTime	KMeansCost	KMeansARI
pbmc	25	500	SQRL2	1.0	0	1	False	3000	0.8950295448303223	186210483.0	0.08962071320417773	4.042290210723877	101100056.0	0.10223431721440805
pbmc	25	500	JSM	1.0	0	1	False	3000	1.4993677139282227	13053.125407900812	0.10604346637916429	7.233172178268433	9658.2705078125	0.19372739768824282
pbmc	25	500	JSD	1.0	0	1	False	3000	1.257340908050537	2566.9019867610186	0.1188401760396197	7.0100531578063965	1369.7122802734375	0.1779557658076287
pbmc	25	500	MKL	1.0	0	1	False	3000	1.0489096641540527	10325.701485991478	0.11154370475486843	5.71326470375061	5681.51953125	0.2102801593115421
pbmc	25	500	BHATTACHARYYA_METRIC	1.0	0	1	False	3000	0.7770583629608154	13836.662710535958	0.08993621236609556	5.061430931091309	10733.1884765625	0.27876891461278935
pbmc	25	500	COSINE_DISTANCE	1.0	0	1	False	3000	0.8560693264007568	12449.121179982323	0.03291833210118717	4.338511943817139	6832.02734375	0.1329721983148614
