#args=Namespace(dataset='cao2m', densify=False, hvg=-1, k=50, lspp=50, maxiter=50, mbsize=3000, msr=['3', '4', '5', '7', '15'], n_local_trials=1, ncheckins=5, nthreads=20, prior=1.0)
#pref:69334335.
#Dataset	k	numberHVG	Measure	Prior	LocalsearchRounds	NumLocalTrials	Densified	MinibatchSize	KmeansplusplusTime	KmeansplusplusCost	KMeansplusplusARI	KMeansTime	KMeansCost	KMeansARI
cao2m	50	-1	SQRL2	1.0	50	1	False	3000	649.8052289485931	4830240140.0	0.010524961613183698	1188.4110062122345	3399971072.0	0.016155840100280754
cao2m	50	-1	JSM	1.0	50	1	False	3000	737.1960752010345	125044.07209127687	0.02512574514224428	1607.472172498703	106728.515625	0.00210330909074436
cao2m	50	-1	JSD	1.0	50	1	False	3000	887.1035192012787	8317.401193190133	0.015243899104616607	1777.5751609802246	6039.01416015625	0.0023225361811802236
cao2m	50	-1	MKL	1.0	50	1	False	3000	684.3644251823425	30290.024848770816	0.004680920579190417	1400.0341169834137	22314.1875	0.0006259806140126009
cao2m	50	-1	BHATTACHARYYA_METRIC	1.0	50	1	False	3000	608.9723916053772	51215.17264528187	0.030081342677162132	1340.8779244422913	49074.9140625	0.005303217538772966
cao2m	50	-1	COSINE_DISTANCE	1.0	50	1	False	3000	854.6076059341431	390436.68748357263	0.0016125207724551572	1762.3245377540588	213789.96875	0.00374138369515378
