#args=Namespace(dataset='cao4m', densify=False, hvg=2500, k=25, lspp=25, maxiter=50, mbsize=10000, msr=['3', '4', '5', '7', '15'], n_local_trials=1, ncheckins=5, nthreads=20, prior=1.0, topnorm=False)
#pref:39535848.
#cao4m	HVGene2500	4092.7308173179626
#Dataset	k	numberHVG	Measure	Prior	LocalsearchRounds	NumLocalTrials	Densified	MinibatchSize	KmeansplusplusTime	KmeansplusplusCost	KMeansplusplusARI	KMeansTime	KMeansCost	KMeansARI
cao4m	25	2500	SQRL2	1.0	25	1	False	10000	273.0790202617645	16697303121.0	-0.044227000776000065	309.85251545906067	11446966272.0	-0.03042010355086874
cao4m	25	2500	JSM	1.0	25	1	False	10000	331.6533854007721	635841.1903980123	0.13061148982295387	893.3558168411255	511622.65625	0.006412167766728974
cao4m	25	2500	JSD	1.0	25	1	False	10000	427.47035479545593	105885.39219200285	0.0824505573029689	916.863911151886	70567.515625	-0.027957774405845695
cao4m	25	2500	MKL	1.0	25	1	False	10000	358.09109330177307	453469.887818221	-0.009243042423013662	685.6844563484192	286785.5625	-0.0181328242329722
cao4m	25	2500	BHATTACHARYYA_METRIC	1.0	25	1	False	10000	240.88746428489685	542557.7255670727	0.03463159714048023	442.41079926490784	482412.34375	0.1717325465570901
cao4m	25	2500	COSINE_DISTANCE	1.0	25	1	False	10000	254.10001158714294	1425949.5788784064	0.1380139867878958	461.9341514110565	565338.4375	0.06735220208556787
