#args=Namespace(dataset='cao2m', densify=False, hvg=500, k=25, lspp=25, maxiter=50, mbsize=10000, msr=['3', '4', '5', '7', '15'], n_local_trials=1, ncheckins=5, nthreads=20, prior=1.0, topnorm=True)
#pref:10812905.
#cao2m	HVGene500	116.04677748680115
#Dataset	k	numberHVG	Measure	Prior	LocalsearchRounds	NumLocalTrials	Densified	MinibatchSize	KmeansplusplusTime	KmeansplusplusCost	KMeansplusplusARI	KMeansTime	KMeansCost	KMeansARI
cao2m	25	500	SQRL2	1.0	25	1	False	10000	44.91803789138794	2421647378.0	0.019745886685952334	44.47470545768738	1624986624.0	0.017703540033045372
cao2m	25	500	JSM	1.0	25	1	False	10000	57.9120979309082	359836.40872084635	0.016616802720683683	93.47831273078918	307089.5625	0.026038534305297165
cao2m	25	500	JSD	1.0	25	1	False	10000	57.31792426109314	71924.5949424603	0.015113964481952185	94.73212885856628	49258.11328125	0.025140659720505533
cao2m	25	500	MKL	1.0	25	1	False	10000	49.80408477783203	300312.2238300778	0.011541174564106815	67.4299807548523	202534.40625	0.008712218340502125
cao2m	25	500	BHATTACHARYYA_METRIC	1.0	25	1	False	10000	35.84870100021362	321092.6651613963	0.048682893917979975	31.265389442443848	278819.9375	0.09070050638615501
cao2m	25	500	COSINE_DISTANCE	1.0	25	1	False	10000	33.63081192970276	572293.6301683896	0.00161684456169193	34.28831911087036	455435.625	0.008588392130299558
