#args=Namespace(dataset='cao2m', densify=False, hvg=500, k=25, lspp=0, maxiter=50, mbsize=3000, msr=['3', '4', '5', '7', '15'], n_local_trials=1, ncheckins=5, nthreads=20, prior=1.0, topnorm=True)
#pref:31787746.
#cao2m	HVGene500	119.18436121940613
#Dataset	k	numberHVG	Measure	Prior	LocalsearchRounds	NumLocalTrials	Densified	MinibatchSize	KmeansplusplusTime	KmeansplusplusCost	KMeansplusplusARI	KMeansTime	KMeansCost	KMeansARI
cao2m	25	500	SQRL2	1.0	0	1	False	3000	15.94797658920288	2582186557.0	0.005439476391453387	39.78548502922058	1703756288.0	0.014809034795242077
cao2m	25	500	JSM	1.0	0	1	False	3000	17.13515043258667	361512.97239955596	0.021678692810635194	76.480797290802	311764.21875	0.018029343869334094
cao2m	25	500	JSD	1.0	0	1	False	3000	17.771024703979492	74069.32025822252	0.027642271199352846	75.0917227268219	50987.4140625	0.018135724087947433
cao2m	25	500	MKL	1.0	0	1	False	3000	15.574815273284912	272296.3615705911	0.018830517489278702	59.81135177612305	210342.09375	0.006952408603494974
cao2m	25	500	BHATTACHARYYA_METRIC	1.0	0	1	False	3000	11.537866115570068	329015.55319979193	0.051944037719977715	43.79537582397461	281737.21875	0.0808107299050271
cao2m	25	500	COSINE_DISTANCE	1.0	0	1	False	3000	12.084231615066528	518066.5496036335	0.0011794646621546708	42.45338296890259	481809.34375	0.010756047543467324
