#args=Namespace(dataset='cao4m', densify=False, hvg=-1, k=25, lspp=0, maxiter=50, mbsize=50000, msr=['3', '4', '5', '7', '15'], n_local_trials=1, ncheckins=5, nthreads=20, prior=1.0)
#pref:69246157.
#Dataset	k	numberHVG	Measure	Prior	LocalsearchRounds	NumLocalTrials	Densified	MinibatchSize	KmeansplusplusTime	KmeansplusplusCost	KMeansplusplusARI	KMeansTime	KMeansCost	KMeansARI
cao4m	25	-1	SQRL2	1.0	0	1	False	50000	261.8792998790741	20800861888.0	0.0693799687845975	3161.7203216552734	13019125760.0	-0.014353890004822106
cao4m	25	-1	JSM	1.0	0	1	False	50000	242.00202322006226	179913.3140635472	-0.015335424288900003	5517.724223613739	148336.71875	-0.017409834711925653
cao4m	25	-1	JSD	1.0	0	1	False	50000	290.2361226081848	9634.749467983202	-0.015283541471745606	5385.289171695709	6272.7314453125	0.017827243738649134
cao4m	25	-1	MKL	1.0	0	1	False	50000	243.8517963886261	33785.624887159094	0.010153464743372902	3197.105157136917	26304.900390625	0.011562604168249453
cao4m	25	-1	BHATTACHARYYA_METRIC	1.0	0	1	False	50000	188.41504573822021	52055.099954832585	0.0059557811743003695	3168.3961765766144	49944.02734375	-0.02196381119631432
cao4m	25	-1	COSINE_DISTANCE	1.0	0	1	False	50000	569.4242782592773	1469214.1945211506	0.0019987362197366808