#args=Namespace(dataset='pbmc', densify=False, hvg=-1, k=50, lspp=25, maxiter=50, mbsize=3000, msr=['3', '4', '5', '7', '15'], n_local_trials=1, ncheckins=5, nthreads=20, prior=1.0)
#pref:34145458.
#Dataset	k	numberHVG	Measure	Prior	LocalsearchRounds	NumLocalTrials	Densified	MinibatchSize	KmeansplusplusTime	KmeansplusplusCost	KMeansplusplusARI	KMeansTime	KMeansCost	KMeansARI
pbmc	50	-1	SQRL2	1.0	25	1	False	3000	14.803534507751465	217692481.0	0.06662036200977657	56.81741213798523	124521000.0	0.0798032654154027
pbmc	50	-1	JSM	1.0	25	1	False	3000	17.079248428344727	3792.833773279142	0.08042521736974696	65.01780247688293	2915.333984375	0.16756618456247657
pbmc	50	-1	JSD	1.0	25	1	False	3000	17.370176553726196	215.94130199891515	0.08305940967242997	66.89114451408386	126.78060913085938	0.20031807821877315
pbmc	50	-1	MKL	1.0	25	1	False	3000	15.367568254470825	890.1711114826612	0.13923226815413678	50.581207275390625	510.3608093261719	0.13921858815427915
pbmc	50	-1	BHATTACHARYYA_METRIC	1.0	25	1	False	3000	12.309265851974487	1255.8719630694832	0.04445827054279596	45.87759780883789	1149.730712890625	0.049061448382012866
pbmc	50	-1	COSINE_DISTANCE	1.0	25	1	False	3000	28.874995231628418	14377.765726245763	0.0577999746770776	80.08826947212219	4846.00390625	0.10541055552388832
