#args=Namespace(dataset='cao4m', densify=False, hvg=500, k=25, lspp=0, maxiter=50, mbsize=3000, msr=['3', '4', '5', '7', '15'], n_local_trials=1, ncheckins=5, nthreads=20, prior=1.0)
#pref:81487671.
#cao4m	HVGene500	2242.7318127155304
#Dataset	k	numberHVG	Measure	Prior	LocalsearchRounds	NumLocalTrials	Densified	MinibatchSize	KmeansplusplusTime	KmeansplusplusCost	KMeansplusplusARI	KMeansTime	KMeansCost	KMeansARI
cao4m	25	500	SQRL2	1.0	0	1	False	3000	61.07160949707031	13367116826.0	-0.03669278318821207	122.40053129196167	9705277440.0	-0.022315775123023816
cao4m	25	500	JSM	1.0	0	1	False	3000	47.4580659866333	847924.077350419	-0.020983297356053265	221.46252727508545	687432.625	-0.026569349613094758
cao4m	25	500	JSD	1.0	0	1	False	3000	48.38443207740784	222053.34258307703	0.0683444821168763	224.0684199333191	126037.3046875	-0.02374764559636602
cao4m	25	500	MKL	1.0	0	1	False	3000	42.79004883766174	797516.315310372	-0.04308098221540129	174.88369727134705	510889.625	-0.03815174811189374
cao4m	25	500	BHATTACHARYYA_METRIC	1.0	0	1	False	3000	29.875331163406372	851692.0302004672	0.040074932589188615	116.98859190940857	715555.125	0.1079513241295657
cao4m	25	500	COSINE_DISTANCE	1.0	0	1	False	3000	29.132882833480835	1316897.33494145	0.0013963418822656743	128.31675148010254	696242.125	0.05180901983912018
