#args=Namespace(dataset='pbmc', densify=False, hvg=-1, k=25, lspp=25, maxiter=50, mbsize=10000, msr=['3', '4', '5', '7', '15'], n_local_trials=1, ncheckins=5, nthreads=20, prior=1.0)
#pref:09002802.
#Dataset	k	numberHVG	Measure	Prior	LocalsearchRounds	NumLocalTrials	Densified	MinibatchSize	KmeansplusplusTime	KmeansplusplusCost	KMeansplusplusARI	KMeansTime	KMeansCost	KMeansARI
pbmc	25	-1	SQRL2	1.0	25	1	False	10000	8.929420948028564	229756431.0	0.07724846685438551	80.5671238899231	129078344.0	0.10558975838989632
pbmc	25	-1	JSM	1.0	25	1	False	10000	11.841217756271362	3828.615618374248	0.08026889912694948	106.53603148460388	2925.29931640625	0.17960808120910135
pbmc	25	-1	JSD	1.0	25	1	False	10000	12.362455129623413	222.7860845279647	0.11758570419611943	99.02415490150452	127.29273223876953	0.1930351368621111
pbmc	25	-1	MKL	1.0	25	1	False	10000	10.825802564620972	917.529381536413	0.06091331752111851	69.49526333808899	519.619140625	0.10769267935763198
pbmc	25	-1	BHATTACHARYYA_METRIC	1.0	25	1	False	10000	8.550283670425415	1291.3655509519913	0.054667563261855436	76.09735774993896	1161.6895751953125	0.0636360480072357
pbmc	25	-1	COSINE_DISTANCE	1.0	25	1	False	10000	18.82768416404724	15031.373847500601	-0.0027000021650046327	84.14155840873718	4372.3740234375	0.1388802767742748
