#args=Namespace(dataset='pbmc', densify=False, hvg=-1, k=50, lspp=50, maxiter=50, mbsize=10000, msr=['3', '4', '5', '7', '15'], n_local_trials=1, ncheckins=5, nthreads=20, prior=1.0)
#pref:94691727.
#Dataset	k	numberHVG	Measure	Prior	LocalsearchRounds	NumLocalTrials	Densified	MinibatchSize	KmeansplusplusTime	KmeansplusplusCost	KMeansplusplusARI	KMeansTime	KMeansCost	KMeansARI
pbmc	50	-1	SQRL2	1.0	50	1	False	10000	17.837579250335693	216715106.0	0.06850830662614023	143.27558994293213	121220640.0	0.06955749149409067
pbmc	50	-1	JSM	1.0	50	1	False	10000	23.698309421539307	3789.171675208133	0.08254019812878524	162.50827169418335	2888.5078125	0.17025675562877238
pbmc	50	-1	JSD	1.0	50	1	False	10000	23.258579969406128	215.21469804330263	0.08069819744342911	165.2985873222351	124.04161071777344	0.17168823042045414
pbmc	50	-1	MKL	1.0	50	1	False	10000	20.636550188064575	862.8849952290766	0.14749111573173973	102.44604325294495	512.66796875	0.10429450799169486
pbmc	50	-1	BHATTACHARYYA_METRIC	1.0	50	1	False	10000	16.877822875976562	1252.3194053344532	0.04140091189472151	127.33774852752686	1140.3443603515625	0.061224742461625625
pbmc	50	-1	COSINE_DISTANCE	1.0	50	1	False	10000	42.18169331550598	13468.389479674472	0.004936560074568909	147.57970666885376	4362.47265625	0.14916549803269544
