#args=Namespace(dataset='pbmc', densify=False, hvg=500, k=25, lspp=25, maxiter=50, mbsize=3000, msr=['3', '4', '5', '7', '15'], n_local_trials=1, ncheckins=5, nthreads=20, prior=1.0)
#pref:83046588.
#pbmc	HVGene500	23.08219313621521
#Dataset	k	numberHVG	Measure	Prior	LocalsearchRounds	NumLocalTrials	Densified	MinibatchSize	KmeansplusplusTime	KmeansplusplusCost	KMeansplusplusARI	KMeansTime	KMeansCost	KMeansARI
pbmc	25	500	SQRL2	1.0	25	1	False	3000	2.8922345638275146	178474958.0	0.08041769490342149	4.138437986373901	101363704.0	0.10721883305844435
pbmc	25	500	JSM	1.0	25	1	False	3000	4.292874097824097	13018.702841070222	0.09557537726227043	7.020137786865234	9660.9931640625	0.1916131096360876
pbmc	25	500	JSD	1.0	25	1	False	3000	4.2052106857299805	2531.7373451925814	0.1689852545439304	7.056396484375	1374.11962890625	0.1971249470906105
pbmc	25	500	MKL	1.0	25	1	False	3000	3.5223193168640137	10341.460295431316	0.10459733956660248	5.852703809738159	5679.84375	0.21129718068278322
pbmc	25	500	BHATTACHARYYA_METRIC	1.0	25	1	False	3000	2.6220498085021973	13737.318746324985	0.11260658351377135	4.796051263809204	10735.0390625	0.27699104509962325
pbmc	25	500	COSINE_DISTANCE	1.0	25	1	False	3000	2.708146095275879	13355.183519601229	0.07440586337109724	4.175267934799194	6842.73095703125	0.1476311653990192
