#args=Namespace(dataset='cao2m', densify=False, hvg=2500, k=50, lspp=50, maxiter=50, mbsize=10000, msr=['3', '4', '5', '7', '15'], n_local_trials=1, ncheckins=5, nthreads=20, prior=1.0, topnorm=False)
#pref:80427407.
#cao2m	HVGene2500	95.42803430557251
#Dataset	k	numberHVG	Measure	Prior	LocalsearchRounds	NumLocalTrials	Densified	MinibatchSize	KmeansplusplusTime	KmeansplusplusCost	KMeansplusplusARI	KMeansTime	KMeansCost	KMeansARI
cao2m	50	2500	SQRL2	1.0	50	1	False	10000	331.839378118515	3960656043.0	0.008155698181107649	425.59843850135803	2641317888.0	0.03363230956787889
cao2m	50	2500	JSM	1.0	50	1	False	10000	491.65511560440063	297856.42686182493	0.010228767829348865	895.2658658027649	253257.25	0.013274747729546496
cao2m	50	2500	JSD	1.0	50	1	False	10000	509.873259305954	47123.099777538795	0.024601070152904192	891.5669045448303	33018.19921875	0.012969390106333417
cao2m	50	2500	MKL	1.0	50	1	False	10000	437.6811728477478	180639.01445766166	0.002268624771166792	659.6163907051086	131554.265625	0.004249392618707409
cao2m	50	2500	BHATTACHARYYA_METRIC	1.0	50	1	False	10000	300.11440801620483	269415.3275959418	0.041896447723056986	416.9506199359894	246834.328125	0.10820776050517272
