#args=Namespace(dataset='pbmc', densify=False, hvg=-1, k=25, lspp=0, maxiter=50, mbsize=50000, msr=['3', '4', '5', '7', '15'], n_local_trials=1, ncheckins=5, nthreads=20, prior=1.0)
#pref:24789703.
#Dataset	k	numberHVG	Measure	Prior	LocalsearchRounds	NumLocalTrials	Densified	MinibatchSize	KmeansplusplusTime	KmeansplusplusCost	KMeansplusplusARI	KMeansTime	KMeansCost	KMeansARI
pbmc	25	-1	SQRL2	1.0	0	1	False	50000	2.7893331050872803	238597268.0	0.09419814643470294	289.84197640419006	128219584.0	0.10267071419752088
pbmc	25	-1	JSM	1.0	0	1	False	50000	3.1955432891845703	3860.592106400872	0.09179064790092271	550.8352475166321	2910.03271484375	0.16926586616783396
pbmc	25	-1	JSD	1.0	0	1	False	50000	3.687774181365967	224.78951322776265	0.12192137423328414	536.5012209415436	125.95094299316406	0.16418439864256915
pbmc	25	-1	MKL	1.0	0	1	False	50000	3.178600549697876	881.1561286346987	0.04659788776887931	322.9558160305023	516.5557861328125	0.1724690628227115
pbmc	25	-1	BHATTACHARYYA_METRIC	1.0	0	1	False	50000	2.5467939376831055	1300.1648618724885	0.0576281541909382	325.19293093681335	1159.369873046875	0.06455616585957293
pbmc	25	-1	COSINE_DISTANCE	1.0	0	1	False	50000	6.414838552474976	12491.31769750332	0.004749831443250632	290.2138235569	4127.33935546875	0.1231154696474656
