#args=Namespace(dataset='pbmc', densify=False, hvg=2500, k=50, lspp=25, maxiter=50, mbsize=3000, msr=['3', '4', '5', '7', '15'], n_local_trials=1, ncheckins=5, nthreads=20, prior=1.0, topnorm=False)
#pref:.6572971.
#pbmc	HVGene2500	53.13858890533447
#Dataset	k	numberHVG	Measure	Prior	LocalsearchRounds	NumLocalTrials	Densified	MinibatchSize	KmeansplusplusTime	KmeansplusplusCost	KMeansplusplusARI	KMeansTime	KMeansCost	KMeansARI
pbmc	50	2500	SQRL2	1.0	25	1	False	3000	7.215149879455566	197664597.0	0.05824910123640288	22.389919757843018	113486240.0	0.07965769098240112
pbmc	50	2500	JSM	1.0	25	1	False	3000	10.666688919067383	10327.700110968846	0.08226739931682256	38.025004625320435	7846.626953125	0.20345740279817978
pbmc	50	2500	JSD	1.0	25	1	False	3000	11.378438711166382	1591.5133010251448	0.07287905649924489	38.755584478378296	907.5169677734375	0.21194802862135656
pbmc	50	2500	MKL	1.0	25	1	False	3000	9.40684986114502	6588.657934378833	0.17221479482284846	29.804555892944336	3675.1728515625	0.18871037365177937
pbmc	50	2500	BHATTACHARYYA_METRIC	1.0	25	1	False	3000	6.752655267715454	8907.22605182419	0.05314520012775829	20.27468776702881	7698.96875	0.16709516307012517
pbmc	50	2500	COSINE_DISTANCE	1.0	25	1	False	3000	7.478264570236206	15755.41718507583	0.002715171985082512	23.265122652053833	7022.47216796875	0.15031847003595333
