#args=Namespace(dataset='pbmc', densify=False, hvg=500, k=50, lspp=25, maxiter=50, mbsize=3000, msr=['3', '4', '5', '7', '15'], n_local_trials=1, ncheckins=5, nthreads=20, prior=1.0)
#pref:69314527.
#pbmc	HVGene500	20.00254249572754
#Dataset	k	numberHVG	Measure	Prior	LocalsearchRounds	NumLocalTrials	Densified	MinibatchSize	KmeansplusplusTime	KmeansplusplusCost	KMeansplusplusARI	KMeansTime	KMeansCost	KMeansARI
pbmc	50	500	SQRL2	1.0	25	1	False	3000	4.544704437255859	163838957.0	0.06135541104127467	7.298781394958496	94663824.0	0.07797530227969829
pbmc	50	500	JSM	1.0	25	1	False	3000	6.713005065917969	12766.167043745043	0.07141300403845807	15.12553095817566	9612.3828125	0.1687889281404004
pbmc	50	500	JSD	1.0	25	1	False	3000	6.5678417682647705	2442.3473402727395	0.08719111108473357	14.943315744400024	1354.1842041015625	0.16898623732022566
pbmc	50	500	MKL	1.0	25	1	False	3000	5.604431867599487	9889.194446444511	0.0841213987014279	12.72536849975586	5620.390625	0.20935656897897906
pbmc	50	500	BHATTACHARYYA_METRIC	1.0	25	1	False	3000	4.145642042160034	13319.950671531427	0.0663010522310569	9.781700611114502	10630.4931640625	0.29352277720367415
pbmc	50	500	COSINE_DISTANCE	1.0	25	1	False	3000	4.440758228302002	11711.1774066207	0.051334511815417955	9.55745267868042	6841.15625	0.12336241138710054
