#args=Namespace(dataset='cao2m', densify=False, hvg=500, k=25, lspp=0, maxiter=50, mbsize=50000, msr=['3', '4', '5', '7', '15'], n_local_trials=1, ncheckins=5, nthreads=20, prior=1.0, topnorm=True)
#pref:95406823.
#cao2m	HVGene500	147.14264798164368
#Dataset	k	numberHVG	Measure	Prior	LocalsearchRounds	NumLocalTrials	Densified	MinibatchSize	KmeansplusplusTime	KmeansplusplusCost	KMeansplusplusARI	KMeansTime	KMeansCost	KMeansARI
cao2m	25	500	SQRL2	1.0	0	1	False	50000	39.76325011253357	2582186557.0	0.005439476391453387	49.61797118186951	1629183744.0	0.022513600982190324
cao2m	25	500	JSM	1.0	0	1	False	50000	25.823469400405884	361512.97239955596	0.021678692810635194	99.21885180473328	305706.0	0.029017504274225177
cao2m	25	500	JSD	1.0	0	1	False	50000	20.646713256835938	74069.32025822252	0.027642271199352846	98.99972534179688	48825.6015625	0.03048682490805688
cao2m	25	500	MKL	1.0	0	1	False	50000	19.556824207305908	272296.3615705911	0.018830517489278702	75.69157552719116	199738.96875	0.007919657818447001
cao2m	25	500	BHATTACHARYYA_METRIC	1.0	0	1	False	50000	23.55903959274292	329015.55319979193	0.051944037719977715	47.4252769947052	278748.1875	0.0935999323557078
cao2m	25	500	COSINE_DISTANCE	1.0	0	1	False	50000	24.257484674453735	514985.22109115956	0.001209032992435192	49.33318042755127	400279.1875	0.01799893149874196
