#args=Namespace(dataset='pbmc', densify=False, hvg=-1, k=25, lspp=0, maxiter=50, mbsize=10000, msr=['3', '4', '5', '7', '15'], n_local_trials=1, ncheckins=5, nthreads=20, prior=1.0)
#pref:31673533.
#Dataset	k	numberHVG	Measure	Prior	LocalsearchRounds	NumLocalTrials	Densified	MinibatchSize	KmeansplusplusTime	KmeansplusplusCost	KMeansplusplusARI	KMeansTime	KMeansCost	KMeansARI
pbmc	25	-1	SQRL2	1.0	0	1	False	10000	2.3884165287017822	238597268.0	0.09419814643470294	70.24792671203613	129116992.0	0.10162604097997861
pbmc	25	-1	JSM	1.0	0	1	False	10000	3.0343427658081055	3860.592106400872	0.09179064790092271	89.95624923706055	2926.2275390625	0.1692899813494569
pbmc	25	-1	JSD	1.0	0	1	False	10000	3.1569108963012695	224.78951322776265	0.12192137423328414	91.10462832450867	127.19187927246094	0.19401203588726143
pbmc	25	-1	MKL	1.0	0	1	False	10000	2.8008105754852295	881.1561286346987	0.04659788776887931	60.74133515357971	519.9732666015625	0.15237366510382272
pbmc	25	-1	BHATTACHARYYA_METRIC	1.0	0	1	False	10000	2.226924419403076	1300.1648618724885	0.0576281541909382	69.3076491355896	1163.67236328125	0.06385996129079952
pbmc	25	-1	COSINE_DISTANCE	1.0	0	1	False	10000	6.092841148376465	12432.511851038522	0.004232941739741555	82.26341390609741	4384.69482421875	0.14777083798759827
