#args=Namespace(dataset='cao2m', densify=False, hvg=500, k=25, lspp=25, maxiter=50, mbsize=3000, msr=['3', '4', '5', '7', '15'], n_local_trials=1, ncheckins=5, nthreads=20, prior=1.0, topnorm=True)
#pref:77145513.
#cao2m	HVGene500	137.7646143436432
#Dataset	k	numberHVG	Measure	Prior	LocalsearchRounds	NumLocalTrials	Densified	MinibatchSize	KmeansplusplusTime	KmeansplusplusCost	KMeansplusplusARI	KMeansTime	KMeansCost	KMeansARI
cao2m	25	500	SQRL2	1.0	25	1	False	3000	69.91894006729126	2540903290.0	0.0036281113256890767	37.50031304359436	1676367104.0	0.0160842079389975
cao2m	25	500	JSM	1.0	25	1	False	3000	66.53292775154114	360410.6718796728	0.01374410558347528	77.8143539428711	311061.15625	0.01880931688414795
cao2m	25	500	JSD	1.0	25	1	False	3000	62.04185748100281	71691.9711345653	0.01800016322375789	77.40021872520447	51051.48046875	0.018492726491966236
cao2m	25	500	MKL	1.0	25	1	False	3000	52.736151933670044	293658.67964841425	0.019493159660291436	62.12706470489502	209121.265625	0.006410885895533894
cao2m	25	500	BHATTACHARYYA_METRIC	1.0	25	1	False	3000	38.87476086616516	323166.9437046655	0.052042106172209654	39.32441830635071	281888.34375	0.07984957171993493
cao2m	25	500	COSINE_DISTANCE	1.0	25	1	False	3000	42.896400928497314	569615.5543203746	0.0015223692217354542	43.637629985809326	464967.6875	0.00988186016555974
