#args=Namespace(dataset='cao2m', densify=False, hvg=2500, k=25, lspp=25, maxiter=50, mbsize=10000, msr=['3', '4', '5', '7', '15'], n_local_trials=1, ncheckins=5, nthreads=20, prior=1.0, topnorm=False)
#pref:74111735.
#cao2m	HVGene2500	104.9179093837738
#Dataset	k	numberHVG	Measure	Prior	LocalsearchRounds	NumLocalTrials	Densified	MinibatchSize	KmeansplusplusTime	KmeansplusplusCost	KMeansplusplusARI	KMeansTime	KMeansCost	KMeansARI
cao2m	25	2500	SQRL2	1.0	25	1	False	10000	169.4463860988617	4297192281.0	0.004517748169968015	221.34695959091187	2792053760.0	0.020142861634527477
cao2m	25	2500	JSM	1.0	25	1	False	10000	250.97523474693298	298832.26831489365	0.00733668766455326	457.8227310180664	253639.5	0.01240101803295567
cao2m	25	2500	JSD	1.0	25	1	False	10000	224.20425748825073	49615.42050724663	0.031342222111696384	487.27794218063354	33260.74609375	0.014892275253446953
cao2m	25	2500	MKL	1.0	25	1	False	10000	216.89545130729675	198207.93490337767	0.006390844938610146	360.76810097694397	132231.15625	0.0027987573159564583
cao2m	25	2500	BHATTACHARYYA_METRIC	1.0	25	1	False	10000	149.52195262908936	273426.9794058403	0.0350457669890866	219.6880762577057	249231.6875	0.10390605704482309
cao2m	25	2500	COSINE_DISTANCE	1.0	25	1	False	10000	150.68955731391907	541463.5653230655	0.0016152744248901902	238.13763880729675	272682.1875	0.020560945067625833
