#args=Namespace(dataset='cao2m', densify=False, hvg=2500, k=50, lspp=25, maxiter=50, mbsize=50000, msr=['3', '4', '5', '7', '15'], n_local_trials=1, ncheckins=5, nthreads=20, prior=1.0, topnorm=False)
#pref:72561357.
#cao2m	HVGene2500	96.80191946029663
#Dataset	k	numberHVG	Measure	Prior	LocalsearchRounds	NumLocalTrials	Densified	MinibatchSize	KmeansplusplusTime	KmeansplusplusCost	KMeansplusplusARI	KMeansTime	KMeansCost	KMeansARI
cao2m	50	2500	SQRL2	1.0	25	1	False	50000	270.771995306015	4169128435.0	0.008247611103660802	517.9981725215912	2604726528.0	0.03904847212943839
cao2m	50	2500	JSM	1.0	25	1	False	50000	410.76143288612366	297835.0574003406	0.010114571181855513	1091.8782050609589	250371.140625	0.021961900632337
cao2m	50	2500	JSD	1.0	25	1	False	50000	425.58192920684814	47516.03048880724	0.013027254018275949	1111.06746840477	32524.021484375	0.02204001709855936
cao2m	50	2500	MKL	1.0	25	1	False	50000	354.98743653297424	180822.9591430761	0.0022265776858130413	844.1092982292175	129509.65625	0.005793256587063296
cao2m	50	2500	BHATTACHARYYA_METRIC	1.0	25	1	False	50000	235.2003824710846	269998.17311183637	0.043422977106943476	327.9885604381561	247119.953125	0.10564338090529261
cao2m	50	2500	COSINE_DISTANCE	1.0	25	1	False	50000	178.53164553642273	477108.0234027244	0.0007849572722276655	339.93955397605896	262454.375	0.054217015515185714
