#args=Namespace(dataset='cao2m', densify=False, hvg=500, k=25, lspp=25, maxiter=50, mbsize=10000, msr=['3', '4', '5', '7', '15'], n_local_trials=1, ncheckins=5, nthreads=20, prior=1.0)
#pref:87691724.
#cao2m	HVGene500	88.38912296295166
#Dataset	k	numberHVG	Measure	Prior	LocalsearchRounds	NumLocalTrials	Densified	MinibatchSize	KmeansplusplusTime	KmeansplusplusCost	KMeansplusplusARI	KMeansTime	KMeansCost	KMeansARI
cao2m	25	500	SQRL2	1.0	25	1	False	10000	80.33187437057495	2817012120.0	0.0046634503960986924	66.61325764656067	1914246656.0	0.019248507874623115
cao2m	25	500	JSM	1.0	25	1	False	10000	109.89090514183044	407790.76126783376	0.010944129353782054	139.01697874069214	340931.625	0.04806957354261545
cao2m	25	500	JSD	1.0	25	1	False	10000	109.04555797576904	90973.75625714473	0.034951145491424335	142.97394371032715	59558.03515625	0.04573190844013702
cao2m	25	500	MKL	1.0	25	1	False	10000	97.03557419776917	374907.8471947368	0.03349011332715607	114.19412755966187	240758.75	0.015218041359878665
cao2m	25	500	BHATTACHARYYA_METRIC	1.0	25	1	False	10000	56.590529918670654	431144.3754333536	0.031052042749981513	46.955129623413086	372016.375	0.1202647840407725
cao2m	25	500	COSINE_DISTANCE	1.0	25	1	False	10000	59.06913375854492	431544.8716468928	0.00042789986190414905	70.55569887161255	321515.34375	0.05370224642657973
