#args=Namespace(dataset='cao2m', densify=False, hvg=-1, k=25, lspp=0, maxiter=50, mbsize=3000, msr=['3', '4', '5', '7', '15'], n_local_trials=1, ncheckins=5, nthreads=20, prior=1.0)
#pref:11063708.
#Dataset	k	numberHVG	Measure	Prior	LocalsearchRounds	NumLocalTrials	Densified	MinibatchSize	KmeansplusplusTime	KmeansplusplusCost	KMeansplusplusARI	KMeansTime	KMeansCost	KMeansARI
cao2m	25	-1	SQRL2	1.0	0	1	False	3000	107.12092876434326	5253064614.0	0.005692921825303516	691.3326086997986	3477720576.0	0.017341329325072024
cao2m	25	-1	JSM	1.0	0	1	False	3000	121.97333073616028	127261.35880400696	0.00670195562939858	979.7111074924469	106943.421875	0.0021462370379859196
cao2m	25	-1	JSD	1.0	0	1	False	3000	124.54856395721436	8697.696645628312	0.012500782044824832	1012.652670621872	5957.1220703125	0.0024625020871511393
cao2m	25	-1	MKL	1.0	0	1	False	3000	116.09953022003174	31085.8375007594	0.005217581084719636