#args=Namespace(dataset='cao2m', densify=False, hvg=-1, k=25, lspp=0, maxiter=50, mbsize=50000, msr=['3', '4', '5', '7', '15'], n_local_trials=1, ncheckins=5, nthreads=20, prior=1.0)
#pref:33562844.
#Dataset	k	numberHVG	Measure	Prior	LocalsearchRounds	NumLocalTrials	Densified	MinibatchSize	KmeansplusplusTime	KmeansplusplusCost	KMeansplusplusARI	KMeansTime	KMeansCost	KMeansARI
cao2m	25	-1	SQRL2	1.0	0	1	False	50000	108.13384652137756	5253064614.0	0.005692921825303516	1829.918225288391	3349237248.0	0.028782438617267377
cao2m	25	-1	JSM	1.0	0	1	False	50000	123.18205642700195	127261.35880400696	0.00670195562939858	2323.862164735794	105656.703125	0.0036984229136230676
cao2m	25	-1	JSD	1.0	0	1	False	50000	143.67411088943481	8697.696645628312	0.012500782044824832	2164.7966072559357	5895.640625	0.004078453668518804
cao2m	25	-1	MKL	1.0	0	1	False	50000	97.96302008628845	31085.8375007594	0.005217581084719636	1351.8500845432281	23030.46875	0.0011833883588062322
cao2m	25	-1	BHATTACHARYYA_METRIC	1.0	0	1	False	50000	92.07591700553894	52127.40988419976	0.018242047778169037	1748.4716339111328	49162.0625	0.008843137774398784
cao2m	25	-1	COSINE_DISTANCE	1.0	0	1	False	50000	128.3542742729187	401346.2987423559	0.00012813434396002473	1428.2255816459656	176437.0625	0.007964552757084718
