#args=Namespace(dataset='cao2m', densify=False, hvg=2500, k=50, lspp=25, maxiter=50, mbsize=3000, msr=['3', '4', '5', '7', '15'], n_local_trials=1, ncheckins=5, nthreads=20, prior=1.0, topnorm=False)
#pref:60197896.
#cao2m	HVGene2500	96.80104875564575
#Dataset	k	numberHVG	Measure	Prior	LocalsearchRounds	NumLocalTrials	Densified	MinibatchSize	KmeansplusplusTime	KmeansplusplusCost	KMeansplusplusARI	KMeansTime	KMeansCost	KMeansARI
cao2m	50	2500	SQRL2	1.0	25	1	False	3000	272.0950391292572	4097781125.0	0.02345458244957448	379.0546061992645	2763706880.0	0.017294342434279564
cao2m	50	2500	JSM	1.0	25	1	False	3000	404.7468900680542	297857.28174215194	0.010369414550767371	809.2766890525818	255692.28125	0.008705082367097144
cao2m	50	2500	JSD	1.0	25	1	False	3000	416.98711705207825	47223.24339454668	0.013769935702622233	860.1934731006622	33684.6640625	0.010107104475960471
cao2m	50	2500	MKL	1.0	25	1	False	3000	355.98664474487305	180789.30868679658	0.0022244541085651303	688.1309263706207	134601.65625	0.0017424843696380971
cao2m	50	2500	BHATTACHARYYA_METRIC	1.0	25	1	False	3000	240.97585082054138	269908.6797600516	0.043493988519083156	376.6278746128082	248123.875	0.09962774619350383
cao2m	50	2500	COSINE_DISTANCE	1.0	25	1	False	3000	224.3178253173828	517671.27785093733	0.0019911842006953783	392.5121304988861	276238.125	0.027181074348124442
