#args=Namespace(dataset='cao2m', densify=False, hvg=2500, k=50, lspp=25, maxiter=50, mbsize=10000, msr=['3', '4', '5', '7', '15'], n_local_trials=1, ncheckins=5, nthreads=20, prior=1.0, topnorm=False)
#pref:20032574.
#cao2m	HVGene2500	93.97858548164368
#Dataset	k	numberHVG	Measure	Prior	LocalsearchRounds	NumLocalTrials	Densified	MinibatchSize	KmeansplusplusTime	KmeansplusplusCost	KMeansplusplusARI	KMeansTime	KMeansCost	KMeansARI
cao2m	50	2500	SQRL2	1.0	25	1	False	10000	268.3780016899109	4131976757.0	0.00798426252450182	376.85740971565247	2652977664.0	0.030168201645457214
cao2m	50	2500	JSM	1.0	25	1	False	10000	403.6415009498596	297708.9525977106	0.011085678101997244	903.4943256378174	253079.125	0.013540120051582548
cao2m	50	2500	JSD	1.0	25	1	False	10000	422.2139182090759	47430.61034273775	0.013086271505133348	899.8824732303619	33074.65625	0.014727588007551433
cao2m	50	2500	MKL	1.0	25	1	False	10000	355.15702629089355	180825.56011082605	0.002223376315770704	708.0416688919067	131616.46875	0.0042731856490122195
cao2m	50	2500	BHATTACHARYYA_METRIC	1.0	25	1	False	10000	239.8417193889618	269830.05267078907	0.04308581682977447	415.75842809677124	246857.234375	0.13028627977169832
cao2m	50	2500	COSINE_DISTANCE	1.0	25	1	False	10000	248.34083461761475	488948.1624122832	0.0007382815629107522	469.208379983902	268193.75	0.030250493797624723
