#args=Namespace(dataset='pbmc', densify=False, hvg=2500, k=25, lspp=0, maxiter=50, mbsize=50000, msr=['3', '4', '5', '7', '15'], n_local_trials=1, ncheckins=5, nthreads=20, prior=1.0, topnorm=False)
#pref:53285672.
#pbmc	HVGene2500	54.22545146942139
#Dataset	k	numberHVG	Measure	Prior	LocalsearchRounds	NumLocalTrials	Densified	MinibatchSize	KmeansplusplusTime	KmeansplusplusCost	KMeansplusplusARI	KMeansTime	KMeansCost	KMeansARI
pbmc	25	2500	SQRL2	1.0	0	1	False	50000	1.1014342308044434	218630490.0	0.0911421684342341	89.35844278335571	118228928.0	0.10281537787802295
pbmc	25	2500	JSM	1.0	0	1	False	50000	2.1873037815093994	10546.44975945896	0.09801599998775737	142.359845161438	7801.98828125	0.17845098422063035
pbmc	25	2500	JSD	1.0	0	1	False	50000	1.9559829235076904	1657.7157833073288	0.13080268556055433	168.10695552825928	897.6444091796875	0.1777673711988879
pbmc	25	2500	MKL	1.0	0	1	False	50000	1.8566112518310547	6713.998093467206	0.08547925841118566	119.94277882575989	3619.03759765625	0.19610789253066727
pbmc	25	2500	BHATTACHARYYA_METRIC	1.0	0	1	False	50000	1.2420353889465332	9255.088664345029	0.05137923071356195	101.01378440856934	7737.3603515625	0.1516942024420377
pbmc	25	2500	COSINE_DISTANCE	1.0	0	1	False	50000	1.613703727722168	14019.334213071103	0.004503065388272478	96.20857548713684	6776.5009765625	0.15149856927825375
