#args=Namespace(dataset='cao2m', densify=False, hvg=2500, k=50, lspp=50, maxiter=50, mbsize=3000, msr=['3', '4', '5', '7', '15'], n_local_trials=1, ncheckins=5, nthreads=20, prior=1.0, topnorm=False)
#pref:29776184.
#cao2m	HVGene2500	95.93495392799377
#Dataset	k	numberHVG	Measure	Prior	LocalsearchRounds	NumLocalTrials	Densified	MinibatchSize	KmeansplusplusTime	KmeansplusplusCost	KMeansplusplusARI	KMeansTime	KMeansCost	KMeansARI
cao2m	50	2500	SQRL2	1.0	50	1	False	3000	316.8142559528351	4023997102.0	0.006876448387911141	380.57021737098694	2777308160.0	0.017366847171798344
cao2m	50	2500	JSM	1.0	50	1	False	3000	482.771231174469	297136.46158755134	0.011739837972543377	742.3957376480103	255485.828125	0.008748055488154749
cao2m	50	2500	JSD	1.0	50	1	False	3000	505.8800070285797	47193.482244528364	0.011585497234515282	852.44238448143	33684.984375	0.01015676588731265
cao2m	50	2500	MKL	1.0	50	1	False	3000	447.3063578605652	180872.12051232532	0.0021758417777986644	675.628146648407	134583.96875	0.0017513218123340049
cao2m	50	2500	BHATTACHARYYA_METRIC	1.0	50	1	False	3000	294.3490002155304	269528.5429952424	0.04039151690539172	369.00851821899414	248095.59375	0.08679647341227532
cao2m	50	2500	COSINE_DISTANCE	1.0	50	1	False	3000	300.31317043304443	501003.65024754923	0.0009531216749334164	421.88020753860474	272856.3125	0.03261807720406846
