#args=Namespace(dataset='cao4m', densify=False, hvg=-1, k=50, lspp=50, maxiter=50, mbsize=10000, msr=['3', '4', '5', '7', '15'], n_local_trials=1, ncheckins=5, nthreads=20, prior=1.0, topnorm=False)
#pref:59017335.
#Dataset	k	numberHVG	Measure	Prior	LocalsearchRounds	NumLocalTrials	Densified	MinibatchSize	KmeansplusplusTime	KmeansplusplusCost	KMeansplusplusARI	KMeansTime	KMeansCost	KMeansARI
cao4m	50	-1	SQRL2	1.0	50	1	False	10000	1543.3264973163605	17851271122.0	-0.03222766853580015	3781.9284086227417	12410285056.0	-0.01807056225260573
cao4m	50	-1	JSM	1.0	50	1	False	10000	1696.7402012348175	177530.417937372	0.03960967166972881	5579.584104776382	146889.9375	-0.004012326762536218
cao4m	50	-1	JSD	1.0	50	1	False	10000	1889.9366018772125	8778.61326784594	0.044321068809342	5806.170221328735	6080.07666015625	-0.013365744099462309
cao4m	50	-1	MKL	1.0	50	1	False	10000	1591.435644865036	35374.80902410648	0.05041868352922095	3799.218868494034	25604.736328125	-0.00589876540009864
cao4m	50	-1	BHATTACHARYYA_METRIC	1.0	50	1	False	10000	1301.7948474884033	50749.643659444606	-0.014431078306459861	3713.9335491657257	48561.1875	-0.031267511867970256
cao4m	50	-1	COSINE_DISTANCE	1.0	50	1	False	10000	3433.749266386032	1549787.5779106144	0.07213223447409464	6586.553066253662	387533.40625	0.039132881623639565
