#args=Namespace(dataset='pbmc', densify=False, hvg=-1, k=25, lspp=25, maxiter=50, mbsize=3000, msr=['3', '4', '5', '7', '15'], n_local_trials=1, ncheckins=5, nthreads=20, prior=1.0)
#pref:56333206.
#Dataset	k	numberHVG	Measure	Prior	LocalsearchRounds	NumLocalTrials	Densified	MinibatchSize	KmeansplusplusTime	KmeansplusplusCost	KMeansplusplusARI	KMeansTime	KMeansCost	KMeansARI
pbmc	25	-1	SQRL2	1.0	25	1	False	3000	8.57230019569397	231673612.0	0.087754414902117	33.85693979263306	130192184.0	0.10674766913967702
pbmc	25	-1	JSM	1.0	25	1	False	3000	10.541627407073975	3828.615618374248	0.08026889912694948	42.24114203453064	2943.6123046875	0.19460297815672942
pbmc	25	-1	JSD	1.0	25	1	False	3000	11.154100894927979	222.7860845279647	0.11758570419611943	47.08271503448486	128.86187744140625	0.17512438015194495
pbmc	25	-1	MKL	1.0	25	1	False	3000	10.321981191635132	925.0069840014912	0.10569041992377659	32.36134219169617	524.0228271484375	0.06200699449095548
pbmc	25	-1	BHATTACHARYYA_METRIC	1.0	25	1	False	3000	8.584493637084961	1291.3655509519913	0.054667563261855436	34.222047090530396	1171.2926025390625	0.06171777740145941
pbmc	25	-1	COSINE_DISTANCE	1.0	25	1	False	3000	19.443893909454346	14762.998270014601	0.0076401638471874705	47.04242396354675	5335.5771484375	0.06727907963841885
