#args=Namespace(dataset='pbmc', densify=False, hvg=2500, k=50, lspp=25, maxiter=50, mbsize=10000, msr=['3', '4', '5', '7', '15'], n_local_trials=1, ncheckins=5, nthreads=20, prior=1.0, topnorm=False)
#pref:11944146.
#pbmc	HVGene2500	58.762725830078125
#Dataset	k	numberHVG	Measure	Prior	LocalsearchRounds	NumLocalTrials	Densified	MinibatchSize	KmeansplusplusTime	KmeansplusplusCost	KMeansplusplusARI	KMeansTime	KMeansCost	KMeansARI
pbmc	50	2500	SQRL2	1.0	25	1	False	10000	7.626721143722534	198369084.0	0.061640320867474466	39.674513816833496	111386080.0	0.06866729566694096
pbmc	50	2500	JSM	1.0	25	1	False	10000	11.150713443756104	10330.479331350436	0.08613038507480712	70.13727116584778	7771.46923828125	0.1614975880571101
pbmc	50	2500	JSD	1.0	25	1	False	10000	11.575218915939331	1591.4485143991187	0.07285030414420163	71.472008228302	887.3523559570312	0.1627012784680338
pbmc	50	2500	MKL	1.0	25	1	False	10000	9.518545866012573	6509.4043694622815	0.15772594350576818	53.45983266830444	3571.239501953125	0.20422297454044822
pbmc	50	2500	BHATTACHARYYA_METRIC	1.0	25	1	False	10000	6.863718748092651	8913.157883889879	0.04965125532915517	37.42448139190674	7706.326171875	0.18461271667174362
pbmc	50	2500	COSINE_DISTANCE	1.0	25	1	False	10000	7.768440246582031	16449.301804240906	0.013431395905846605	38.516027212142944	6928.48681640625	0.11370361826920619
