#args=Namespace(dataset='cao2m', densify=False, hvg=-1, k=25, lspp=25, maxiter=50, mbsize=3000, msr=['3', '4', '5', '7', '15'], n_local_trials=1, ncheckins=5, nthreads=20, prior=1.0)
#pref:47729153.
#Dataset	k	numberHVG	Measure	Prior	LocalsearchRounds	NumLocalTrials	Densified	MinibatchSize	KmeansplusplusTime	KmeansplusplusCost	KMeansplusplusARI	KMeansTime	KMeansCost	KMeansARI
cao2m	25	-1	SQRL2	1.0	25	1	False	3000	294.26956248283386	5193984848.0	0.004914809022237749	786.3027167320251	3454353152.0	0.015920273901957077
cao2m	25	-1	JSM	1.0	25	1	False	3000	438.2872350215912	125955.22615701817	0.006203807192087004	1044.1791079044342	107043.7890625	0.001973985463787745
cao2m	25	-1	JSD	1.0	25	1	False	3000	398.49669885635376	8611.041484475252	0.02098050702700212	986.6738991737366	5953.54638671875	0.002565812975110739
cao2m	25	-1	MKL	1.0	25	1	False	3000	325.2999815940857	32347.32102251891	0.010063176201186972	774.0924308300018	21997.76953125	0.001979572169589379
cao2m	25	-1	BHATTACHARYYA_METRIC	1.0	25	1	False	3000	305.0733251571655	51905.01757165885	0.02218275828637703	817.1366944313049	49561.8828125	0.004565547619898385
cao2m	25	-1	COSINE_DISTANCE	1.0	25	1	False	3000	424.65181708335876	396775.5068900149	0.0008067881802960646	847.2260284423828	159336.0625	0.005981051212998996
