#args=Namespace(dataset='pbmc', densify=False, hvg=2500, k=25, lspp=0, maxiter=50, mbsize=3000, msr=['3', '4', '5', '7', '15'], n_local_trials=1, ncheckins=5, nthreads=20, prior=1.0, topnorm=False)
#pref:82329477.
#pbmc	HVGene2500	74.36188912391663
#Dataset	k	numberHVG	Measure	Prior	LocalsearchRounds	NumLocalTrials	Densified	MinibatchSize	KmeansplusplusTime	KmeansplusplusCost	KMeansplusplusARI	KMeansTime	KMeansCost	KMeansARI
pbmc	25	2500	SQRL2	1.0	0	1	False	3000	1.3803400993347168	218630490.0	0.0911421684342341	12.532163381576538	119415232.0	0.10342254999741678
pbmc	25	2500	JSM	1.0	0	1	False	3000	2.247788906097412	10546.44975945896	0.09801599998775737	22.008973836898804	7889.74951171875	0.21170077572270093
pbmc	25	2500	JSD	1.0	0	1	False	3000	2.2197651863098145	1657.7157833073288	0.13080268556055433	22.409040927886963	914.8372802734375	0.2293814372366443
pbmc	25	2500	MKL	1.0	0	1	False	3000	1.86863374710083	6713.998093467206	0.08547925841118566	16.731221675872803	3714.384765625	0.18166228942256063
pbmc	25	2500	BHATTACHARYYA_METRIC	1.0	0	1	False	3000	1.3637847900390625	9255.088664345029	0.05137923071356195	11.598299026489258	7813.53125	0.14798151747699417
pbmc	25	2500	COSINE_DISTANCE	1.0	0	1	False	3000	1.5276317596435547	13847.29933574339	0.001038052284774482	12.743180513381958	7032.3759765625	0.15563845115994512
