#args=Namespace(dataset='pbmc', densify=True, hvg=50, k=25, lspp=25, maxiter=50, mbsize=10000, msr=['3', '4', '5', '7', '9', '10', '15'], n_local_trials=1, ncheckins=5, nthreads=20, prior=1.0, topnorm=False)
#pref:21135563.
#pbmc	HVGene50	5.303099155426025
#Dataset	k	numberHVG	Measure	Prior	LocalsearchRounds	NumLocalTrials	Densified	MinibatchSize	KmeansplusplusTime	KmeansplusplusCost	KMeansplusplusARI	KMeansTime	KMeansCost	KMeansARI
pbmc	25	50	SQRL2	1.0	25	1	True	10000	0.9134156703948975	89327948.0	0.06465691233601423	1.006272315979004	53838328.0	0.0980468866122134
pbmc	25	50	JSM	1.0	25	1	True	10000	1.0749835968017578	9444.194636542485	0.09068335904535837	1.512927532196045	7469.09765625	0.13199912078985043
pbmc	25	50	JSD	1.0	25	1	True	10000	1.1442692279815674	1376.45180290984	0.10615896101019705	1.3643519878387451	845.6998291015625	0.13798097661352576
pbmc	25	50	MKL	1.0	25	1	True	10000	1.0358693599700928	5539.810482816771	0.08728965862502959	1.137385606765747	3588.037109375	0.15473614020442314
pbmc	25	50	BHATTACHARYYA_METRIC	1.0	25	1	True	10000	0.9206347465515137	10015.32651489912	0.09281265801546867	0.935295820236206	7968.2509765625	0.12940139808005316
pbmc	25	50	TOTAL_VARIATION_DISTANCE	1.0	25	1	True	10000	0.8724889755249023	10152.972619823006	0.0932592858228456	22.834376096725464	10152.9736328125	0.1299003154283287
pbmc	25	50	LLR	1.0	25	1	True	10000	1.1615550518035889	1386471.317847157	0.10279274159248097	1.6506829261779785	917634.6875	0.18815775336648144
pbmc	25	50	COSINE_DISTANCE	1.0	25	1	True	10000	1.066248893737793	7190.9945826205685	0.15686685460030741	1.1048846244812012	5451.67333984375	0.11683755623340428
