#args=Namespace(dataset='pbmc', densify=True, hvg=500, k=25, lspp=25, maxiter=50, mbsize=10000, msr=['3', '4', '5', '7', '9', '10', '15'], n_local_trials=1, ncheckins=5, nthreads=20, prior=0.1, topnorm=False)
#pref:55370536.
#pbmc	HVGene500	18.7217538356781
#Dataset	k	numberHVG	Measure	Prior	LocalsearchRounds	NumLocalTrials	Densified	MinibatchSize	KmeansplusplusTime	KmeansplusplusCost	KMeansplusplusARI	KMeansTime	KMeansCost	KMeansARI
pbmc	25	500	SQRL2	0.1	25	1	True	10000	2.8045809268951416	177834271.0	0.07920614464855019	5.715914011001587	100915888.0	0.10577965277649849
pbmc	25	500	JSM	0.1	25	1	True	10000	3.6122395992279053	20202.68123313584	0.11894881000639425	11.677221059799194	15811.5361328125	0.3449800619036298
pbmc	25	500	JSD	0.1	25	1	True	10000	3.64044189453125	6009.775991532952	0.13859723745882827	11.109933853149414	3722.591552734375	0.34494237576004655
pbmc	25	500	MKL	0.1	25	1	True	10000	2.9217753410339355	28990.935619667172	0.22220595027862217	11.212097644805908	19166.951171875	0.28690569192245763
pbmc	25	500	BHATTACHARYYA_METRIC	0.1	25	1	True	10000	2.2320826053619385	18737.10845651964	0.2213049237808572	5.678619384765625	15571.453125	0.23867788188071665
pbmc	25	500	TOTAL_VARIATION_DISTANCE	0.1	25	1	True	10000	2.3345837593078613	19113.34053558426	0.06789960498926413	763.4469883441925	19113.3359375	0.1594462409552242
pbmc	25	500	LLR	0.1	25	1	True	10000	3.635369062423706	11233555.557300374	0.11913811095244399	11.92290449142456	7555393.0	0.34134002465052843
pbmc	25	500	COSINE_DISTANCE	0.1	25	1	True	10000	2.4386794567108154	12979.560253420283	0.11710513567473298	6.202303647994995	7566.296875	0.1259870534435758
354
