#args=Namespace(dataset='pbmc', densify=False, hvg=500, k=25, lspp=25, maxiter=50, mbsize=5000, msr=['3', '4', '5', '7', '9'], n_local_trials=1, ncheckins=5, nthreads=20, prior=0.01, topnorm=False)
#pref:11274286.
#pbmc	HVGene500	2.175262212753296
#Dataset	k	numberHVG	Measure	Prior	LocalsearchRounds	NumLocalTrials	Densified	MinibatchSize	KmeansplusplusTime	KmeansplusplusCost	KMeansplusplusARI	KMeansTime	KMeansCost	KMeansARI
pbmc	25	500	SQRL2	0.01	25	1	False	5000	5.2820000648498535	170332772.0	0.07740323074466268	9.312873601913452	100254464.0	0.10665990321629933
pbmc	25	500	JSM	0.01	25	1	False	5000	4.9986045360565186	22194.435306045132	0.11946731376939417	9.946741104125977	18195.435546875	0.3407591582408355
pbmc	25	500	JSD	0.01	25	1	False	5000	5.043123483657837	7263.066406659782	0.15793926690270754	10.265895128250122	4942.107421875	0.3324488247118939
pbmc	25	500	MKL	0.01	25	1	False	5000	5.018724679946899	43825.77832138538	0.2268005734026966	10.966869592666626	37958.1640625	0.2369632961274533
pbmc	25	500	BHATTACHARYYA_METRIC	0.01	25	1	False	5000	5.322211027145386	19479.433534538228	0.22030973979459442	9.513885498046875	16476.193359375	0.24208909394190356
pbmc	25	500	TOTAL_VARIATION_DISTANCE	0.01	25	1	False	5000	5.314327955245972	20014.23729224235	0.06893242117817264	14.047560453414917	20014.234375	0.16258223710393638
