#args=Namespace(dataset='pbmc', densify=False, hvg=500, k=25, lspp=0, maxiter=50, mbsize=10000, msr=['3', '4', '5', '7', '9'], n_local_trials=1, ncheckins=5, nthreads=20, prior=0.01, topnorm=False)
#pref:99605737.
#pbmc	HVGene500	15.94853925704956
#Dataset	k	numberHVG	Measure	Prior	LocalsearchRounds	NumLocalTrials	Densified	MinibatchSize	KmeansplusplusTime	KmeansplusplusCost	KMeansplusplusARI	KMeansTime	KMeansCost	KMeansARI
pbmc	25	500	SQRL2	0.01	0	1	False	10000	0.7378830909729004	186541466.0	0.09304775186226745	6.169524669647217	100931408.0	0.10536325590185736
pbmc	25	500	JSM	0.01	0	1	False	10000	1.1260781288146973	22211.397370373692	0.14675706859350846	13.237029314041138	18225.44140625	0.33614497967726953
pbmc	25	500	JSD	0.01	0	1	False	10000	1.1014842987060547	7443.549355421215	0.13341973136518404	12.65966796875	4920.58984375	0.3409417090542699
pbmc	25	500	MKL	0.01	0	1	False	10000	0.9362306594848633	47656.18196761608	0.060675302801504766	11.92462420463562	37693.17578125	0.24328152958796673
pbmc	25	500	BHATTACHARYYA_METRIC	0.01	0	1	False	10000	0.7038984298706055	20228.54679539766	0.0923309141582504	6.60724663734436	16461.7578125	0.2530725583320081
pbmc	25	500	TOTAL_VARIATION_DISTANCE	0.01	0	1	False	10000	0.7187404632568359	20224.92040506431	0.08302791515483478	743.0300192832947	20224.916015625	0.14260511008028517
