#args=Namespace(nthreads=20, maxiter=50, ncheckins=5, lspp=0, n_local_trials=1, mbsize=10000, msr=['3', '4', '5', '7', '9', '15'], prior=0.01, dataset='pbmc', hvg=1000, densify=True, topnorm=False, k=25)
#pref:17823827.
#pbmc	HVGene1000	2.9149467945098877
#pbmc	DensifyHVG1000	0.22699499130249023
#Dataset	k	numberHVG	Measure	Prior	LocalsearchRounds	NumLocalTrials	Densified	MinibatchSize	KmeansplusplusTime	KmeansplusplusCost	KMeansplusplusARI	KMeansTime	KMeansCost	KMeansARI
pbmc	25	1000	SQRL2	0.01	0	1	True	10000	1.248652696609497	200602896.0	0.0904543884232255	14.365831851959229	108827404.03585815	0.10203580575250155
pbmc	25	1000	JSM	0.01	0	1	True	10000	0.6826169490814209	25533.01953125	0.14971959341980293	12.106242179870605	21480.605614955326	0.28937245196293854
pbmc	25	1000	JSD	0.01	0	1	True	10000	0.6734917163848877	9864.9833984375	0.11554472281738734	12.240260124206543	6786.780817300081	0.2909752142735691
pbmc	25	1000	MKL	0.01	0	1	True	10000	0.6632075309753418	62383.12109375	0.056013090617718496	12.32492446899414	48822.0840819478	0.17608900753078285
pbmc	25	1000	BHATTACHARYYA_METRIC	0.01	0	1	True	10000	0.9149966239929199	28256.884765625	0.1578274318134155	13.65716552734375	22840.867515436785	0.2701512089493292
pbmc	25	1000	TOTAL_VARIATION_DISTANCE	0.01	0	1	True	10000	0.850337028503418	23233.16015625	0.09122723751188508	31.640268087387085	23233.161258012056	0.07978848060614846
pbmc	25	1000	COSINE_DISTANCE	0.01	0	1	True	10000	1.0200185775756836	10412.296875	0.11912525199016831	14.078974962234497	7825.148054898709	0.12778548210090823
