#args=Namespace(nthreads=20, maxiter=50, ncheckins=5, lspp=0, n_local_trials=1, mbsize=10000, msr=['3', '4', '5', '7', '9', '15'], prior=1.0, dataset='pbmc', hvg=500, densify=True, topnorm=False, k=25)
#pref:87309192.
#pbmc	HVGene500	2.1382007598876953
#pbmc	DensifyHVG500	0.1381092071533203
#Dataset	k	numberHVG	Measure	Prior	LocalsearchRounds	NumLocalTrials	Densified	MinibatchSize	KmeansplusplusTime	KmeansplusplusCost	KMeansplusplusARI	KMeansTime	KMeansCost	KMeansARI
pbmc	25	500	SQRL2	1.0	0	1	True	10000	1.1541101932525635	186541456.0	0.09304775186226745	13.80450177192688	100931392.43990141	0.10536325590185736
pbmc	25	500	JSM	1.0	0	1	True	10000	0.9223535060882568	13053.126953125	0.10603571977721174	11.710280895233154	9613.93996805804	0.17211512975371526
pbmc	25	500	JSD	1.0	0	1	True	10000	0.9111955165863037	2566.901611328125	0.11883860545001694	13.59492564201355	1359.3805157253519	0.18065283157791037
pbmc	25	500	MKL	1.0	0	1	True	10000	1.00534987449646	10325.7021484375	0.11154370475486843	12.836163520812988	5638.220041580498	0.2047229561520606
pbmc	25	500	BHATTACHARYYA_METRIC	1.0	0	1	True	10000	1.0429959297180176	13241.8544921875	0.12026856170135963	13.916611909866333	9673.42640093729	0.18086321281320183
pbmc	25	500	TOTAL_VARIATION_DISTANCE	1.0	0	1	True	10000	0.9788649082183838	13723.4375	0.08762075321712583	26.395790100097656	13723.438158429824	0.06970750442199186
pbmc	25	500	COSINE_DISTANCE	1.0	0	1	True	10000	1.0931923389434814	9001.3310546875	0.11079626157205114	14.864697933197021	6709.871890366561	0.12975720567594856
