#args=Namespace(dataset='pbmc', densify=True, hvg=1000, k=25, lspp=25, maxiter=50, mbsize=10000, msr=['3', '4', '5', '7', '9', '10', '15'], n_local_trials=1, ncheckins=5, nthreads=20, prior=0.01, topnorm=False)
#pref:71689237.
#pbmc	HVGene1000	31.449469089508057
#Dataset	k	numberHVG	Measure	Prior	LocalsearchRounds	NumLocalTrials	Densified	MinibatchSize	KmeansplusplusTime	KmeansplusplusCost	KMeansplusplusARI	KMeansTime	KMeansCost	KMeansARI
pbmc	25	1000	SQRL2	0.01	25	1	True	10000	3.5653719902038574	191679666.0	0.07977529344845281	9.46650505065918	108825024.0	0.10496976639371408
pbmc	25	1000	JSM	0.01	25	1	True	10000	4.813601732254028	25516.535227053257	0.12245586116224653	20.291935443878174	21486.8515625	0.28650130208351443
pbmc	25	1000	JSD	0.01	25	1	True	10000	4.575146436691284	9709.318197131157	0.13414132898975448	19.06188130378723	6776.9111328125	0.289339891235491
pbmc	25	1000	MKL	0.01	25	1	True	10000	3.8490467071533203	63023.94398355484	0.21450720338517287	18.276589393615723	48749.109375	0.19117831051985074
pbmc	25	1000	BHATTACHARYYA_METRIC	0.01	25	1	True	10000	2.9177536964416504	22727.871298249724	0.22363821859097502	10.791937589645386	19793.0625	0.2925330449253083
pbmc	25	1000	TOTAL_VARIATION_DISTANCE	0.01	25	1	True	10000	2.747251272201538	23053.502064776945	0.0464057365315266	1	1297.5190391540527	23053.5	0.13739680355624148
pbmc	25	1000	LLR	0.01	25	1	True	10000	5.1778035163879395	17795825.918056294	0.06915981228573861	20.68156337738037	14340718.0	0.3353063492048675
pbmc	25	1000	COSINE_DISTANCE	0.01	25	1	True	10000	2.996154546737671	16177.454185439015	0.04835556717895972	9.173659324645996	7897.76025390625	0.15112437074553003
84383
