#args=Namespace(dataset='pbmc', densify=True, hvg=500, k=25, lspp=25, maxiter=50, mbsize=10000, msr=['3', '4', '5', '7', '9', '10', '15'], n_local_trials=1, ncheckins=5, nthreads=20, prior=1.0, topnorm=False)
#pref:81850968.
#pbmc	HVGene500	27.742098569869995
#Dataset	k	numberHVG	Measure	Prior	LocalsearchRounds	NumLocalTrials	Densified	MinibatchSize	KmeansplusplusTime	KmeansplusplusCost	KMeansplusplusARI	KMeansTime	KMeansCost	KMeansARI
pbmc	25	500	SQRL2	1.0	25	1	True	10000	2.7197680473327637	179050619.0	0.08100868468943702	5.5105273723602295	100864688.0	0.1035858866414133
pbmc	25	500	JSM	1.0	25	1	True	10000	3.503641128540039	13018.702841070222	0.09557537726227043	9.022621631622314	9622.1103515625	0.17407658566176942
pbmc	25	500	JSD	1.0	25	1	True	10000	3.249636650085449	2531.7373451925814	0.1689852545439304	8.75825047492981	1357.8209228515625	0.16891919342187106
pbmc	25	500	MKL	1.0	25	1	True	10000	2.801572799682617	10341.460295431316	0.10459733956660248	7.239145278930664	5636.423828125	0.19870511672747626
pbmc	25	500	BHATTACHARYYA_METRIC	1.0	25	1	True	10000	2.5334794521331787	13737.318746324985	0.11260658351377135	8.142349004745483	10700.5	0.2907571768974776
pbmc	25	500	TOTAL_VARIATION_DISTANCE	1.0	25	1	True	10000	2.1376895904541016	13662.98419881698	0.03294409514104296	766.4566049575806	13662.982421875	0.11348404502993556
pbmc	25	500	LLR	1.0	25	1	True	10000	3.576535701751709	6991728.485551169	0.16831724508372478	11.933883428573608	4249066.0	0.2494276636690738
pbmc	25	500	COSINE_DISTANCE	1.0	25	1	True	10000	2.414118528366089	11930.687577135464	0.10375864225609295	5.506742477416992	6761.09375	0.14007747471670084
65396
