#args=Namespace(nthreads=20, maxiter=50, ncheckins=5, lspp=0, n_local_trials=1, mbsize=10000, msr=['3', '4', '5', '7', '9', '15'], prior=0.01, dataset='pbmc', hvg=500, densify=True, topnorm=False, k=25)
#pref:39718212.
#pbmc	HVGene500	2.519165515899658
#pbmc	DensifyHVG500	0.12497711181640625
#Dataset	k	numberHVG	Measure	Prior	LocalsearchRounds	NumLocalTrials	Densified	MinibatchSize	KmeansplusplusTime	KmeansplusplusCost	KMeansplusplusARI	KMeansTime	KMeansCost	KMeansARI
pbmc	25	500	SQRL2	0.01	0	1	True	10000	1.349968671798706	186210496.0	0.08962071320417773	13.586011409759521	100878277.82109615	0.1011105802813695
pbmc	25	500	JSM	0.01	0	1	True	10000	0.76910400390625	22211.3984375	0.14675706859350846	12.496356964111328	18225.766802301925	0.34000835086878184
pbmc	25	500	JSD	0.01	0	1	True	10000	0.7987701892852783	7443.54931640625	0.13341973136518404	12.951000452041626	4938.540137050673	0.33651132536115425
pbmc	25	500	MKL	0.01	0	1	True	10000	0.9055042266845703	47656.1796875	0.060675302801504766	12.615793228149414	37793.13990858197	0.23512343503948405
pbmc	25	500	BHATTACHARYYA_METRIC	0.01	0	1	True	10000	0.8134934902191162	24230.748046875	0.17717965565335153	12.647774934768677	19450.88929141683	0.33148251988227406
pbmc	25	500	TOTAL_VARIATION_DISTANCE	0.01	0	1	True	10000	0.9542944431304932	20224.921875	0.08302791515483478	22.589852809906006	20224.920361152195	0.17717852421126978
pbmc	25	500	COSINE_DISTANCE	0.01	0	1	True	10000	1.0538029670715332	9992.521484375	0.11488411068988567	12.045833826065063	7519.539788331587	0.127666946627266
