#args=Namespace(nthreads=20, maxiter=50, ncheckins=5, lspp=0, n_local_trials=1, mbsize=10000, msr=['3', '4', '5', '7', '9', '15'], prior=0.1, dataset='pbmc', hvg=50, densify=True, topnorm=False, k=25)
#pref:94257369.
#pbmc	HVGene50	2.0738837718963623
#pbmc	DensifyHVG50	0.013703346252441406
#Dataset	k	numberHVG	Measure	Prior	LocalsearchRounds	NumLocalTrials	Densified	MinibatchSize	KmeansplusplusTime	KmeansplusplusCost	KMeansplusplusARI	KMeansTime	KMeansCost	KMeansARI
pbmc	25	50	SQRL2	0.1	0	1	True	10000	1.2157096862792969	98327288.0	0.08164980575843335	13.235581398010254	54297253.131227285	0.09366959477170639
pbmc	25	50	JSM	0.1	0	1	True	10000	1.0423402786254883	10975.921875	0.14272011051279307	13.608400106430054	8532.793814887335	0.16660220540605214
pbmc	25	50	JSD	0.1	0	1	True	10000	1.0132560729980469	1874.5162353515625	0.15456269177148282	13.823944568634033	1136.6357028046623	0.16173371306487977
pbmc	25	50	MKL	0.1	0	1	True	10000	1.0562989711761475	8358.98828125	0.13152207486037604	16.353339672088623	5456.3117609880865	0.2183073404900581
pbmc	25	50	BHATTACHARYYA_METRIC	0.1	0	1	True	10000	1.0090744495391846	11042.9990234375	0.1362971817317512	13.532832622528076	8690.667091306723	0.15802988357179892
pbmc	25	50	TOTAL_VARIATION_DISTANCE	0.1	0	1	True	10000	1.0035226345062256	11353.3779296875	0.05900506789375754	15.040462970733643	11353.378856457159	0.13363859189771585
pbmc	25	50	COSINE_DISTANCE	0.1	0	1	True	10000	0.9666082859039307	7505.37353515625	0.0928004062004819	12.851263284683228	5815.283347751703	0.11656309253021484
