#args=Namespace(dataset='pbmc', densify=True, hvg=1000, k=25, lspp=25, maxiter=50, mbsize=10000, msr=['3', '4', '5', '7', '9', '10', '15'], n_local_trials=1, ncheckins=5, nthreads=20, prior=0.1, topnorm=False)
#pref:44023019.
#pbmc	HVGene1000	27.31469988822937
#Dataset	k	numberHVG	Measure	Prior	LocalsearchRounds	NumLocalTrials	Densified	MinibatchSize	KmeansplusplusTime	KmeansplusplusCost	KMeansplusplusARI	KMeansTime	KMeansCost	KMeansARI
pbmc	25	1000	SQRL2	0.1	25	1	True	10000	3.728179693222046	192081386.0	0.08209806622710748	9.142170429229736	108915552.0	0.10380483495534383
pbmc	25	1000	JSM	0.1	25	1	True	10000	4.768556594848633	22539.254258725752	0.11222133780788636	20.155153274536133	17606.669921875	0.3314396752781355
pbmc	25	1000	JSD	0.1	25	1	True	10000	4.735567808151245	7562.436518885195	0.15432817886798147	19.075966119766235	4573.296875	0.33271797413769194
pbmc	25	1000	MKL	0.1	25	1	True	10000	4.145102024078369	36388.76630973816	0.1606460056891428	18.649707317352295	22326.3203125	0.2546647369273899
pbmc	25	1000	BHATTACHARYYA_METRIC	0.1	25	1	True	10000	3.021545171737671	21496.56242740646	0.211257625474915	11.832701921463013	17988.09375	0.3045020499366916
pbmc	25	1000	TOTAL_VARIATION_DISTANCE	0.1	25	1	True	10000	3.141683340072632	21534.878226472843	0.02921404098991152	1052.388549566269	21534.875	0.18027593788871482
pbmc	25	1000	LLR	0.1	25	1	True	10000	4.9400224685668945	15081711.513648976	0.12404475073718978	19.89266347885132	10761239.0	0.33800166983108176
pbmc	25	1000	COSINE_DISTANCE	0.1	25	1	True	10000	3.249708890914917	16079.92875898522	0.05654464652099151	9.054053783416748	7789.5625	0.13404870529944643
4019745
