#args=Namespace(nthreads=20, maxiter=50, ncheckins=5, lspp=0, n_local_trials=1, mbsize=10000, msr=['3', '4', '5', '7', '9', '15'], prior=0.1, dataset='pbmc', hvg=500, densify=True, topnorm=False, k=25)
#pref:51293324.
#pbmc	HVGene500	2.3684072494506836
#pbmc	DensifyHVG500	0.11674189567565918
#Dataset	k	numberHVG	Measure	Prior	LocalsearchRounds	NumLocalTrials	Densified	MinibatchSize	KmeansplusplusTime	KmeansplusplusCost	KMeansplusplusARI	KMeansTime	KMeansCost	KMeansARI
pbmc	25	500	SQRL2	0.1	0	1	True	10000	1.267920732498169	186541456.0	0.09304775186226745	14.260027647018433	100931392.43990141	0.10536325590185736
pbmc	25	500	JSM	0.1	0	1	True	10000	0.9640476703643799	20216.583984375	0.14150347108061753	13.71355152130127	15811.592248241901	0.3449112019706618
pbmc	25	500	JSD	0.1	0	1	True	10000	0.8932065963745117	6122.0595703125	0.1472213044845725	14.56744909286499	3718.8305021282285	0.34697589156696845
pbmc	25	500	MKL	0.1	0	1	True	10000	1.0431060791015625	29223.90234375	0.08725192322763001	15.49900507926941	19173.54247034341	0.28612732977981103
pbmc	25	500	BHATTACHARYYA_METRIC	0.1	0	1	True	10000	1.104994535446167	21124.099609375	0.1843320578969518	14.709477663040161	16247.681249935149	0.34223797566826347
pbmc	25	500	TOTAL_VARIATION_DISTANCE	0.1	0	1	True	10000	1.127389907836914	19418.0859375	0.08616476394505629	24.23119330406189	19418.08496512207	0.20774768929795617
pbmc	25	500	COSINE_DISTANCE	0.1	0	1	True	10000	1.0438990592956543	9901.08984375	0.11479381201473514	12.071691036224365	7444.408170129718	0.12657086279185872
