#args=Namespace(dataset='pbmc', densify=False, hvg=1000, k=25, lspp=0, maxiter=50, mbsize=10000, msr=['3', '4', '5', '7', '9'], n_local_trials=1, ncheckins=5, nthreads=20, prior=0.1, topnorm=False)
#pref:50829887.
#pbmc	HVGene1000	26.246232986450195
#Dataset	k	numberHVG	Measure	Prior	LocalsearchRounds	NumLocalTrials	Densified	MinibatchSize	KmeansplusplusTime	KmeansplusplusCost	KMeansplusplusARI	KMeansTime	KMeansCost	KMeansARI
pbmc	25	1000	SQRL2	0.1	0	1	False	10000	1.043609380722046	200910304.0	0.0938424133208935	10.658143520355225	108886352.0	0.10632549850712818
pbmc	25	1000	JSM	0.1	0	1	False	10000	1.5816152095794678	22555.398563521743	0.13403580987391028	22.310237646102905	17609.560546875	0.3323054996555611
pbmc	25	1000	JSD	0.1	0	1	False	10000	1.5672414302825928	7653.85765054822	0.15019456341186868	21.622283220291138	4565.2490234375	0.33267657161716074
pbmc	25	1000	MKL	0.1	0	1	False	10000	1.3159761428833008	35718.522908359766	0.06907959440289381	19.835325479507446	22314.75390625	0.2546910571619181
pbmc	25	1000	BHATTACHARYYA_METRIC	0.1	0	1	False	10000	0.9744668006896973	21898.948125505947	0.09830355888504777	11.876368284225464	17974.99609375	0.30941760902346155
pbmc	25	1000	TOTAL_VARIATION_DISTANCE	0.1	0	1	False	10000	0.9837913513183594	21698.9864358844	0.09692974631826064	1028.1791319847107	21698.986328125	0.18980427598905766
