#args=Namespace(dataset='pbmc', densify=True, hvg=5000, k=25, lspp=25, maxiter=50, mbsize=10000, msr=['3', '4', '5', '7', '9', '10', '15'], n_local_trials=1, ncheckins=5, nthreads=20, prior=0.01, topnorm=False)
#pref:18667796.
#pbmc	HVGene5000	101.383229970932
#Dataset	k	numberHVG	Measure	Prior	LocalsearchRounds	NumLocalTrials	Densified	MinibatchSize	KmeansplusplusTime	KmeansplusplusCost	KMeansplusplusARI	KMeansTime	KMeansCost	KMeansARI
pbmc	25	5000	SQRL2	0.01	25	1	True	10000	5.606969594955444	219962471.0	0.07767700228734398	29.18278956413269	125193648.0	0.10461018228280303
pbmc	25	5000	JSM	0.01	25	1	True	10000	7.264807939529419	30719.692952440026	0.1792076243457348	46.12051320075989	26194.779296875	0.2407289215446442
pbmc	25	5000	JSD	0.01	25	1	True	10000	6.701207876205444	13886.926881805062	0.15335755215111613	46.25980615615845	10008.11328125	0.2445825758779496
pbmc	25	5000	MKL	0.01	25	1	True	10000	5.883393287658691	89455.37606221437	0.04103359932036039	38.27707600593567	61447.5390625	0.08335608117182852
pbmc	25	5000	BHATTACHARYYA_METRIC	0.01	25	1	True	10000	4.479068994522095	28328.83456406549	0.19212120642705724	32.20725679397583	25706.62109375	0.25236738893556604
pbmc	25	5000	TOTAL_VARIATION_DISTANCE	0.01	25	1	True	10000	4.954264163970947	28457.31034768751	0.09326792002101239	2058.3846323490143	28457.30859375	0.10324006713188466
pbmc	25	5000	LLR	0.01	25	1	True	10000	7.712986946105957	27878991.44464168	0.009506231898486728	45.07322716712952	24468750.0	0.28102421433220676
pbmc	25	5000	COSINE_DISTANCE	0.01	25	1	True	10000	5.746437311172485	17100.85933771628	-0.001703445157445399	29.647027492523193	8652.8486328125	0.1616379777375421
7
