#args=Namespace(nthreads=20, maxiter=50, ncheckins=5, lspp=0, n_local_trials=1, mbsize=10000, msr=['3', '4', '5', '7', '9', '15'], prior=0.01, dataset='pbmc', hvg=50, densify=True, topnorm=False, k=25)
#pref:95030063.
#pbmc	HVGene50	2.1636219024658203
#pbmc	DensifyHVG50	0.015059947967529297
#Dataset	k	numberHVG	Measure	Prior	LocalsearchRounds	NumLocalTrials	Densified	MinibatchSize	KmeansplusplusTime	KmeansplusplusCost	KMeansplusplusARI	KMeansTime	KMeansCost	KMeansARI
pbmc	25	50	SQRL2	0.01	0	1	True	10000	1.0593137741088867	98741712.0	0.08449021615630027	13.128674268722534	54477705.34938067	0.0913851804938528
pbmc	25	50	JSM	0.01	0	1	True	10000	1.107018232345581	11187.5908203125	0.14312642467075012	14.969725608825684	8756.391257889178	0.18278478939827486
pbmc	25	50	JSD	0.01	0	1	True	10000	1.122358798980713	1957.090087890625	0.15677895602318437	14.858511209487915	1200.7844339320436	0.17651277769720836
pbmc	25	50	MKL	0.01	0	1	True	10000	1.0676274299621582	9397.9501953125	0.1263928932175967	14.38034963607788	6881.892347565852	0.30549966875756446
pbmc	25	50	BHATTACHARYYA_METRIC	0.01	0	1	True	10000	1.050337314605713	11350.0478515625	0.14062639427569393	13.979270696640015	8998.154087402136	0.17848755076383227
pbmc	25	50	TOTAL_VARIATION_DISTANCE	0.01	0	1	True	10000	1.061896562576294	11467.287109375	0.058970461529332684	14.509834051132202	11246.369166292017	0.1815000204112559
pbmc	25	50	COSINE_DISTANCE	0.01	0	1	True	10000	1.000598669052124	7550.96826171875	0.09295636531127117	12.806693315505981	5852.661567063718	0.11588602830262232
