#args=Namespace(dataset='pbmc', densify=False, hvg=50, k=25, lspp=0, maxiter=50, mbsize=10000, msr=['3', '4', '5', '7', '9'], n_local_trials=1, ncheckins=5, nthreads=20, prior=0.01, topnorm=False)
#pref:80187665.
#pbmc	HVGene50	4.503753185272217
#Dataset	k	numberHVG	Measure	Prior	LocalsearchRounds	NumLocalTrials	Densified	MinibatchSize	KmeansplusplusTime	KmeansplusplusCost	KMeansplusplusARI	KMeansTime	KMeansCost	KMeansARI
pbmc	25	50	SQRL2	0.01	0	1	False	10000	0.35234570503234863	98327290.0	0.08164980575843335	1.0469553470611572	54297268.0	0.09366959477170639
pbmc	25	50	JSM	0.01	0	1	False	10000	0.31304025650024414	11187.590430129943	0.14312642467075012	1.6315810680389404	8756.3916015625	0.1838579099889303
pbmc	25	50	JSD	0.01	0	1	False	10000	0.31000471115112305	1957.0899324528873	0.15677895602318437	1.6659700870513916	1199.177001953125	0.1717196031294204
pbmc	25	50	MKL	0.01	0	1	False	10000	0.2907266616821289	9397.950344771147	0.1263928932175967	1.4289069175720215	6882.22705078125	0.30567051625377484
pbmc	25	50	BHATTACHARYYA_METRIC	0.01	0	1	False	10000	0.296647310256958	11386.467318701749	0.0973053150829393	1.0737850666046143	8905.4248046875	0.13023336559170925
pbmc	25	50	TOTAL_VARIATION_DISTANCE	0.01	0	1	False	10000	0.29448652267456055	11467.286782743538	0.058970461529332684	27.382773637771606	11246.3681640625	0.1815000204112559
