#args=Namespace(dataset='pbmc', densify=True, hvg=500, k=25, lspp=25, maxiter=50, mbsize=10000, msr=['3', '4', '5', '7', '9', '10', '15'], n_local_trials=1, ncheckins=5, nthreads=20, prior=0.01, topnorm=False)
#pref:33361217.
#pbmc	HVGene500	17.11690902709961
#Dataset	k	numberHVG	Measure	Prior	LocalsearchRounds	NumLocalTrials	Densified	MinibatchSize	KmeansplusplusTime	KmeansplusplusCost	KMeansplusplusARI	KMeansTime	KMeansCost	KMeansARI
pbmc	25	500	SQRL2	0.01	25	1	True	10000	2.69084095954895	177879951.0	0.0871736908595764	5.739331245422363	100928384.0	0.1071653031909359
pbmc	25	500	JSM	0.01	25	1	True	10000	3.7037713527679443	22194.435306045132	0.11946731376939417	11.906296968460083	18169.41796875	0.3413586098053741
pbmc	25	500	JSD	0.01	25	1	True	10000	3.4386284351348877	7285.2770500816405	0.1368448802251053	11.625460624694824	4918.8916015625	0.3416987712968371
pbmc	25	500	MKL	0.01	25	1	True	10000	3.0185725688934326	44834.97929948568	0.2483632186999877	10.989091634750366	37669.890625	0.24565389494803327
pbmc	25	500	BHATTACHARYYA_METRIC	0.01	25	1	True	10000	2.2835845947265625	19480.277984551714	0.2211668635941996	5.789006948471069	16450.16796875	0.24792235386591274
pbmc	25	500	TOTAL_VARIATION_DISTANCE	0.01	25	1	True	10000	2.389498472213745	19946.233235363998	0.0816852938242	721	732.8108403682709	19946.23046875	0.11417715518975495
pbmc	25	500	LLR	0.01	25	1	True	10000	4.027134418487549	13060514.143955905	0.1348440494091466	13.151660203933716	9344506.0	0.3431768500658016
pbmc	25	500	COSINE_DISTANCE	0.01	25	1	True	10000	2.591796875	13493.694771653696	0.11004010291411477	5.987227201461792	7578.6845703125	0.15186534934971
2
