#args=Namespace(dataset='pbmc', densify=False, hvg=1000, k=25, lspp=0, maxiter=50, mbsize=10000, msr=['3', '4', '5', '7', '9'], n_local_trials=1, ncheckins=5, nthreads=20, prior=0.01, topnorm=False)
#pref:35332608.
#pbmc	HVGene1000	25.853432178497314
#Dataset	k	numberHVG	Measure	Prior	LocalsearchRounds	NumLocalTrials	Densified	MinibatchSize	KmeansplusplusTime	KmeansplusplusCost	KMeansplusplusARI	KMeansTime	KMeansCost	KMeansARI
pbmc	25	1000	SQRL2	0.01	0	1	False	10000	0.9644708633422852	200602892.0	0.0904543884232255	10.60379433631897	108827424.0	0.10203580575250155
pbmc	25	1000	JSM	0.01	0	1	False	10000	1.5735621452331543	25533.023701563598	0.14972612513806408	22.411850929260254	21480.99609375	0.28650130208351443
pbmc	25	1000	JSD	0.01	0	1	False	10000	1.539630651473999	9864.983690470457	0.11555328650864714	21.33397626876831	6813.5146484375	0.28929833747236106
pbmc	25	1000	MKL	0.01	0	1	False	10000	1.2789416313171387	62383.12000668049	0.056013090617718496	20.039700269699097	48653.65625	0.1914863926132557
pbmc	25	1000	BHATTACHARYYA_METRIC	0.01	0	1	False	10000	0.96175217628479	23389.968468739255	0.09966173296038779	12.387279272079468	19755.0390625	0.33297183204471065
pbmc	25	1000	TOTAL_VARIATION_DISTANCE	0.01	0	1	False	10000	0.9887454509735107	23233.161182903732	0.09122723751188508	1054.384745836258	23233.16015625	0.10105928229468973
