#args=Namespace(dataset='pbmc', densify=False, hvg=50, k=25, lspp=0, maxiter=50, mbsize=10000, msr=['3', '4', '5', '7', '9'], n_local_trials=1, ncheckins=5, nthreads=20, prior=0.1, topnorm=False)
#pref:97558664.
#pbmc	HVGene50	4.239965438842773
#Dataset	k	numberHVG	Measure	Prior	LocalsearchRounds	NumLocalTrials	Densified	MinibatchSize	KmeansplusplusTime	KmeansplusplusCost	KMeansplusplusARI	KMeansTime	KMeansCost	KMeansARI
pbmc	25	50	SQRL2	0.1	0	1	False	10000	0.2474820613861084	98327290.0	0.08164980575843335	1.058974027633667	54297268.0	0.09366959477170639
pbmc	25	50	JSM	0.1	0	1	False	10000	0.3103759288787842	10975.921619626311	0.14272011051279307	1.6761560440063477	8532.7939453125	0.16660220540605214
pbmc	25	50	JSD	0.1	0	1	False	10000	0.318082332611084	1874.5162803153507	0.15456269177148282	1.678251028060913	1136.0758056640625	0.16469769309124963
pbmc	25	50	MKL	0.1	0	1	False	10000	0.3533473014831543	8358.98906631209	0.13152207486037604	1.404585361480713	5457.28369140625	0.21858520263147932
pbmc	25	50	BHATTACHARYYA_METRIC	0.1	0	1	False	10000	0.27980780601501465	11270.064615531373	0.09757703657460035	1.1030256748199463	8805.375	0.12978172667817922
pbmc	25	50	TOTAL_VARIATION_DISTANCE	0.1	0	1	False	10000	0.2717926502227783	11353.378856492782	0.05900506789375754	24.254176378250122	11353.37890625	0.13016305684345048
