#args=Namespace(dataset='pbmc', densify=True, hvg=5000, k=25, lspp=25, maxiter=50, mbsize=10000, msr=['3', '4', '5', '7', '9', '10', '15'], n_local_trials=1, ncheckins=5, nthreads=20, prior=1.0, topnorm=False)
#pref:15597674.
#pbmc	HVGene5000	108.99500346183777
#Dataset	k	numberHVG	Measure	Prior	LocalsearchRounds	NumLocalTrials	Densified	MinibatchSize	KmeansplusplusTime	KmeansplusplusCost	KMeansplusplusARI	KMeansTime	KMeansCost	KMeansARI
pbmc	25	5000	SQRL2	1.0	25	1	True	10000	5.756450176239014	222900320.0	0.0831853447921476	27.80994963645935	125227040.0	0.1042778685248616
pbmc	25	5000	JSM	1.0	25	1	True	10000	6.9010937213897705	8576.15217026076	0.07212082253583928	54.10211396217346	6465.732421875	0.19550304402478613
pbmc	25	5000	JSD	1.0	25	1	True	10000	6.8424482345581055	1102.935085941106	0.12867115504440566	53.89237451553345	616.0794677734375	0.19814389545420294
pbmc	25	5000	MKL	1.0	25	1	True	10000	5.871762752532959	4615.553708158433	0.10444400619823314	42.24677777290344	2477.236328125	0.17016582162177804
pbmc	25	5000	BHATTACHARYYA_METRIC	1.0	25	1	True	10000	4.230627059936523	6296.315652343903	0.05061845566737633	28.889580011367798	5485.5498046875	0.12956891041190283
pbmc	25	5000	TOTAL_VARIATION_DISTANCE	1.0	25	1	True	10000	4.448957204818726	6365.654863520787	0.0266008593184014	1982.6186773777008	6360.375	0.05395188982660285
pbmc	25	5000	LLR	1.0	25	1	True	10000	7.8010172843933105	13793316.507310672	0.12668445888661883	52.149303674697876	8117120.0	0.18321788841178263
pbmc	25	5000	COSINE_DISTANCE	1.0	25	1	True	10000	4.941627740859985	14956.402528628776	0.016945542417506714	29.78141736984253	6574.49658203125	0.1609401577275536
