#args=Namespace(dataset='pbmc', densify=True, hvg=500, k=25, lspp=0, maxiter=50, mbsize=10000, msr=['3', '4', '5', '7', '9'], n_local_trials=1, ncheckins=5, nthreads=20, prior=1.0, topnorm=False)
#pref:71510987.
#pbmc	HVGene500	18.08447027206421
#Dataset	k	numberHVG	Measure	Prior	LocalsearchRounds	NumLocalTrials	Densified	MinibatchSize	KmeansplusplusTime	KmeansplusplusCost	KMeansplusplusARI	KMeansTime	KMeansCost	KMeansARI
pbmc	25	500	SQRL2	1.0	0	1	True	10000	0.8197548389434814	186210483.0	0.08962071320417773	5.429870367050171	100878256.0	0.1011105802813695
pbmc	25	500	JSM	1.0	0	1	True	10000	1.051210641860962	13053.125407900812	0.10604346637916429	9.024116277694702	9613.9404296875	0.17184246667238193
pbmc	25	500	JSD	1.0	0	1	True	10000	1.0852274894714355	2566.9019867610186	0.1188401760396197	9.013718366622925	1359.45849609375	0.18002496383005007
pbmc	25	500	MKL	1.0	0	1	True	10000	0.9036552906036377	10325.701485991478	0.11154370475486843	7.968621492385864	5637.97607421875	0.19970635705662146
pbmc	25	500	BHATTACHARYYA_METRIC	1.0	0	1	True	10000	0.6821513175964355	13836.662710535958	0.08993621236609556	8.33826208114624	10701.1328125	0.290942695329463
pbmc	25	500	TOTAL_VARIATION_DISTANCE	1.0	0	1	True	10000	0.7537586688995361	13723.43815875602	0.08762075321712583