#args=Namespace(dataset='pbmc', densify=False, hvg=500, k=25, lspp=25, maxiter=50, mbsize=5000, msr=['3', '4', '5', '7', '9'], n_local_trials=1, ncheckins=5, nthreads=20, prior=0.01, topnorm=False)
#pref:.5223554.
#pbmc	HVGene500	2.2210640907287598
#Dataset	k	numberHVG	Measure	Prior	LocalsearchRounds	NumLocalTrials	Densified	MinibatchSize	KmeansplusplusTime	KmeansplusplusCost	KMeansplusplusARI	KMeansTime	KMeansCost	KMeansARI
pbmc	25	500	SQRL2	0.01	25	1	False	5000	5.050695419311523	171833061.0	0.081830662411305	9.254650592803955	101072216.0	0.10749253515835222
pbmc	25	500	JSM	0.01	25	1	False	5000	4.774054527282715	22194.435306045132	0.11946731376939417	9.559157371520996	18195.435546875	0.3407591582408355
pbmc	25	500	JSD	0.01	25	1	False	5000	4.795013189315796	7273.528537347913	0.15529854629823575	9.770251750946045	4936.93359375	0.3350389651073025
pbmc	25	500	MKL	0.01	25	1	False	5000	4.842792272567749	43604.0955619514	0.21958688350483654	10.155880212783813	38027.9765625	0.23783829083006486
pbmc	25	500	BHATTACHARYYA_METRIC	0.01	25	1	False	5000	5.080595970153809	19479.433534538228	0.22030973979459442	9.376564741134644	16476.193359375	0.24208909394190356
pbmc	25	500	TOTAL_VARIATION_DISTANCE	0.01	25	1	False	5000	5.112268686294556	19993.202335583468	0.06942492494303876	13.4503812789917	19993.201171875	0.15549314039574233
