#args=Namespace(dataset='pbmc', densify=True, hvg=5000, k=25, lspp=25, maxiter=50, mbsize=10000, msr=['3', '4', '5', '7', '9', '10', '15'], n_local_trials=1, ncheckins=5, nthreads=20, prior=0.1, topnorm=False)
#pref:67560951.
#pbmc	HVGene5000	122.09785962104797
#Dataset	k	numberHVG	Measure	Prior	LocalsearchRounds	NumLocalTrials	Densified	MinibatchSize	KmeansplusplusTime	KmeansplusplusCost	KMeansplusplusARI	KMeansTime	KMeansCost	KMeansARI
pbmc	25	5000	SQRL2	0.1	25	1	True	10000	5.405713319778442	222357655.0	0.07782619636331833	27.64727520942688	124660112.0	0.10374044039155006
pbmc	25	5000	JSM	0.1	25	1	True	10000	6.674169301986694	23885.128708119373	0.06882396469859572	51.22439956665039	18369.55859375	0.2807463054321169
pbmc	25	5000	JSD	0.1	25	1	True	10000	6.690697431564331	8365.226432584226	0.1303350458867854	50.98170590400696	4936.9951171875	0.29444311228857023
pbmc	25	5000	MKL	0.1	25	1	True	10000	6.207893371582031	41065.60701456666	0.10725598932959671	41.156230449676514	21703.869140625	0.2641125855051922
pbmc	25	5000	BHATTACHARYYA_METRIC	0.1	25	1	True	10000	4.334469795227051	21546.889254053563	0.08831886941686365	29.599268913269043	18602.90625	0.20548251398010092
pbmc	25	5000	TOTAL_VARIATION_DISTANCE	0.1	25	1	True	10000	4.4017133712768555	21703.97703677571	0.042492469280902265	1834.76247048378	21703.9765625	0.09472586130219354
pbmc	25	5000	LLR	0.1	25	1	True	10000	7.346523761749268	25734052.84966872	0.11042284632896744	43.945438385009766	18761604.0	0.21428055903540474
pbmc	25	5000	COSINE_DISTANCE	0.1	25	1	True	10000	5.71251106262207	17051.170464336614	0.041205737456101135	32.84469175338745	8485.86328125	0.16405609048404673
52004
