#args=Namespace(dataset='pbmc', densify=True, hvg=2500, k=25, lspp=25, maxiter=50, mbsize=10000, msr=['3', '4', '5', '7', '9', '10', '15'], n_local_trials=1, ncheckins=5, nthreads=20, prior=1.0, topnorm=False)
#pref:07505576.
#pbmc	HVGene2500	65.27405667304993
#Dataset	k	numberHVG	Measure	Prior	LocalsearchRounds	NumLocalTrials	Densified	MinibatchSize	KmeansplusplusTime	KmeansplusplusCost	KMeansplusplusARI	KMeansTime	KMeansCost	KMeansARI
pbmc	25	2500	SQRL2	1.0	25	1	True	10000	4.744195222854614	209066496.0	0.07170103121483162	16.648362636566162	118998480.0	0.10831717456508165
pbmc	25	2500	JSM	1.0	25	1	True	10000	6.035732746124268	10481.525669528737	0.06653725370004715	33.42430138587952	7821.51708984375	0.18214022475565592
pbmc	25	2500	JSD	1.0	25	1	True	10000	5.860842227935791	1638.0936373770237	0.11051087906750387	31.815982341766357	898.3094482421875	0.18993093230249264
pbmc	25	2500	MKL	1.0	25	1	True	10000	5.166097640991211	6821.713422197849	0.10645867603311301	28.80288290977478	3632.43408203125	0.2068701312814714
pbmc	25	2500	BHATTACHARYYA_METRIC	1.0	25	1	True	10000	4.405932188034058	9223.656216919815	0.04061903238839369	22.320273876190186	7811.6826171875	0.16027815799377512
pbmc	25	2500	TOTAL_VARIATION_DISTANCE	1.0	25	1	True	10000	4.134457111358643	9265.674538291416	0.03273315208043682	1470.9130260944366	9249.732421875	0.05936766296419689
pbmc	25	2500	LLR	1.0	25	1	True	10000	5.8676917552948	11918511.794674603	0.13291745656936876	34.644620180130005	7145656.0	0.1966847956782963
pbmc	25	2500	COSINE_DISTANCE	1.0	25	1	True	10000	4.3253889083862305	15432.645634999313	0.03655781159883142	17.550201892852783	6939.287109375	0.14844117196816844
93
