#args=Namespace(dataset='pbmc', densify=False, hvg=500, k=25, lspp=0, maxiter=50, mbsize=10000, msr=['3', '4', '5', '7', '9'], n_local_trials=1, ncheckins=5, nthreads=20, prior=0.1, topnorm=False)
#pref:58018083.
#pbmc	HVGene500	13.9088613986969
#Dataset	k	numberHVG	Measure	Prior	LocalsearchRounds	NumLocalTrials	Densified	MinibatchSize	KmeansplusplusTime	KmeansplusplusCost	KMeansplusplusARI	KMeansTime	KMeansCost	KMeansARI
pbmc	25	500	SQRL2	0.1	0	1	False	10000	0.7472617626190186	186210483.0	0.08962071320417773	6.210759401321411	100878256.0	0.1011105802813695
pbmc	25	500	JSM	0.1	0	1	False	10000	1.1975648403167725	20216.583447606547	0.14150347108061753	13.085399627685547	15811.55859375	0.34504742638145797
pbmc	25	500	JSD	0.1	0	1	False	10000	1.1090683937072754	6122.059427257627	0.1472213044845725	12.651236534118652	3700.468017578125	0.3461028113858287
pbmc	25	500	MKL	0.1	0	1	False	10000	0.9601883888244629	29223.903128519654	0.08725192322763001	12.02953839302063	19199.42578125	0.27248306446932363
pbmc	25	500	BHATTACHARYYA_METRIC	0.1	0	1	False	10000	0.7033257484436035	19453.475031765916	0.0973169541929219	6.8834006786346436	15585.869140625	0.25201352072709876
pbmc	25	500	TOTAL_VARIATION_DISTANCE	0.1	0	1	False	10000	0.7089276313781738	19418.084928171145	0.086167779113077	779.3695781230927	19418.083984375	0.14710518903045572
