#args=Namespace(nthreads=20, maxiter=50, ncheckins=5, lspp=0, n_local_trials=1, mbsize=10000, msr=['3', '4', '5', '7', '9', '15'], prior=1.0, dataset='pbmc', hvg=1000, densify=True, topnorm=False, k=25)
#pref:71792355.
#pbmc	HVGene1000	2.934879779815674
#pbmc	DensifyHVG1000	0.2298753261566162
#Dataset	k	numberHVG	Measure	Prior	LocalsearchRounds	NumLocalTrials	Densified	MinibatchSize	KmeansplusplusTime	KmeansplusplusCost	KMeansplusplusARI	KMeansTime	KMeansCost	KMeansARI
pbmc	25	1000	SQRL2	1.0	0	1	True	10000	1.2316255569458008	200602896.0	0.0904543884232255	14.820413589477539	108827404.03585815	0.10203580575250155
pbmc	25	1000	JSM	1.0	0	1	True	10000	0.6878509521484375	12472.197265625	0.10234800086116536	10.846180200576782	9150.395555920753	0.15952509024282197
pbmc	25	1000	JSD	1.0	0	1	True	10000	0.7253119945526123	2315.013671875	0.11695176654323278	10.651200294494629	1237.4843624690548	0.1617005532359302
pbmc	25	1000	MKL	1.0	0	1	True	10000	0.7932398319244385	9355.0986328125	0.09977934072030369	10.324827194213867	5033.765251733363	0.18749354008656716
pbmc	25	1000	BHATTACHARYYA_METRIC	1.0	0	1	True	10000	0.9217495918273926	12597.662109375	0.1196116061971862	11.640050649642944	9210.360160015465	0.19336292951150338
pbmc	25	1000	TOTAL_VARIATION_DISTANCE	1.0	0	1	True	10000	0.9702367782592773	12527.6796875	0.08273248830186508	33.21178197860718	12527.679500475526	0.07993176767289258
pbmc	25	1000	COSINE_DISTANCE	1.0	0	1	True	10000	1.0969398021697998	9196.86328125	0.1101047813019215	14.141322374343872	6813.938980733477	0.12959223084740365
