#args=Namespace(dataset='pbmc', densify=True, hvg=50, k=25, lspp=0, maxiter=50, mbsize=10000, msr=['3', '4', '5', '7', '9'], n_local_trials=1, ncheckins=5, nthreads=20, prior=1.0, topnorm=False)
#pref:62686864.
#pbmc	HVGene50	5.117510080337524
#Dataset	k	numberHVG	Measure	Prior	LocalsearchRounds	NumLocalTrials	Densified	MinibatchSize	KmeansplusplusTime	KmeansplusplusCost	KMeansplusplusARI	KMeansTime	KMeansCost	KMeansARI
pbmc	25	50	SQRL2	1.0	0	1	True	10000	0.3411977291107178	98327290.0	0.08164980575843335	1.0779240131378174	54297268.0	0.09366959477170639
pbmc	25	50	JSM	1.0	0	1	True	10000	0.3636600971221924	9705.618762524677	0.1385361245066106	1.4602069854736328	7451.03173828125	0.14926087029771826
pbmc	25	50	JSD	1.0	0	1	True	10000	0.3729977607727051	1441.955905799754	0.14921909385402896	1.505647897720337	843.9041748046875	0.13883138167027875
pbmc	25	50	MKL	1.0	0	1	True	10000	0.3975710868835449	5924.56722003594	0.11236184957243359	1.1817936897277832	3578.81591796875	0.14955185482921454
pbmc	25	50	BHATTACHARYYA_METRIC	1.0	0	1	True	10000	0.3422260284423828	10274.95084556102	0.10048943322225569	0.8727669715881348	8016.359375	0.13625854840373086
pbmc	25	50	TOTAL_VARIATION_DISTANCE	1.0	0	1	True	10000	0.31009364128112793	10360.138753786276	0.05819942523447002	22.445926666259766	10360.140625	0.11927190012033131
