#args=Namespace(dataset='pbmc', densify=True, hvg=50, k=25, lspp=25, maxiter=50, mbsize=10000, msr=['3', '4', '5', '7', '9', '10', '15'], n_local_trials=1, ncheckins=5, nthreads=20, prior=0.01, topnorm=False)
#pref:42950425.
#pbmc	HVGene50	5.621776819229126
#Dataset	k	numberHVG	Measure	Prior	LocalsearchRounds	NumLocalTrials	Densified	MinibatchSize	KmeansplusplusTime	KmeansplusplusCost	KMeansplusplusARI	KMeansTime	KMeansCost	KMeansARI
pbmc	25	50	SQRL2	0.01	25	1	True	10000	0.8705697059631348	89609295.0	0.061943123113638913	1.2357125282287598	54222016.0	0.09546313889554472
pbmc	25	50	JSM	0.01	25	1	True	10000	1.2648518085479736	10993.703829584156	0.13520157823173332	1.4771766662597656	8758.5712890625	0.1828680984270188
pbmc	25	50	JSD	0.01	25	1	True	10000	1.1771304607391357	1833.8240471333265	0.13352973965116044	1.4778382778167725	1199.490234375	0.1671571705224714
pbmc	25	50	MKL	0.01	25	1	True	10000	1.021289587020874	8242.05828741379	0.1365202752968632	1.188476324081421	6853.8251953125	0.301602996615132
pbmc	25	50	BHATTACHARYYA_METRIC	0.01	25	1	True	10000	0.9326794147491455	11125.854179891445	0.08066906246264227	0.9343583583831787	8963.03125	0.13321745903205937
pbmc	25	50	TOTAL_VARIATION_DISTANCE	0.01	25	1	True	10000	0.931128978729248	11266.529733846859	0.09250488585256213	23.967118978500366	11222.412109375	0.19027096619629613
pbmc	25	50	LLR	0.01	25	1	True	10000	1.2951228618621826	1683732.6145024332	0.09433359246360132	1.592479944229126	1134048.25	0.20332035834643666
pbmc	25	50	COSINE_DISTANCE	0.01	25	1	True	10000	0.9922823905944824	7648.067187434324	0.20579909962906032	1.1303033828735352	5840.48046875	0.11804744210219933
