#args=Namespace(dataset='pbmc', densify=True, hvg=2500, k=25, lspp=25, maxiter=50, mbsize=10000, msr=['3', '4', '5', '7', '9', '10', '15'], n_local_trials=1, ncheckins=5, nthreads=20, prior=0.1, topnorm=False)
#pref:11315708.
#pbmc	HVGene2500	66.56182146072388
#Dataset	k	numberHVG	Measure	Prior	LocalsearchRounds	NumLocalTrials	Densified	MinibatchSize	KmeansplusplusTime	KmeansplusplusCost	KMeansplusplusARI	KMeansTime	KMeansCost	KMeansARI
pbmc	25	2500	SQRL2	0.1	25	1	True	10000	4.935796737670898	211537087.0	0.08362664428445876	16.940125942230225	119027808.0	0.10403065344369283
pbmc	25	2500	JSM	0.1	25	1	True	10000	5.936363697052002	24244.041058105267	0.12033278701313999	35.23633813858032	18786.703125	0.3081246624305774
pbmc	25	2500	JSD	0.1	25	1	True	10000	6.491569519042969	8735.2880865708	0.13039653400125295	34.612754106521606	5192.4501953125	0.29753861993367253
pbmc	25	2500	MKL	0.1	25	1	True	10000	5.565872669219971	42045.79725289345	0.12578799314222747	31.420246124267578	23494.294921875	0.25567910616865863
pbmc	25	2500	BHATTACHARYYA_METRIC	0.1	25	1	True	10000	3.798494577407837	23143.776673983284	0.09238682374180456	22.973575353622437	19465.47265625	0.25209995160835313
pbmc	25	2500	TOTAL_VARIATION_DISTANCE	0.1	25	1	True	10000	3.9645657539367676	23006.72497178192	0.039935012438661	1	1470.489500284195	23006.728515625	0.0801860156273954
pbmc	25	2500	LLR	0.1	25	1	True	10000	6.493032693862915	20436012.99476009	0.15274887139357188	32.7703902721405	15286299.0	0.31342490984522253
pbmc	25	2500	COSINE_DISTANCE	0.1	25	1	True	10000	4.5470476150512695	16871.49908508065	0.027642767984261723	17.9348464012146	8317.1015625	0.1476517803071099
5
