#args=Namespace(dataset='pbmc', densify=False, hvg=500, k=25, lspp=0, maxiter=50, mbsize=10000, msr=['3', '4', '5', '7', '9'], n_local_trials=1, ncheckins=5, nthreads=20, prior=1.0, topnorm=False)
#pref:68107384.
#pbmc	HVGene500	12.34379506111145
#Dataset	k	numberHVG	Measure	Prior	LocalsearchRounds	NumLocalTrials	Densified	MinibatchSize	KmeansplusplusTime	KmeansplusplusCost	KMeansplusplusARI	KMeansTime	KMeansCost	KMeansARI
pbmc	25	500	SQRL2	1.0	0	1	False	10000	0.6307876110076904	186210483.0	0.08962071320417773	4.688853740692139	100878256.0	0.1011105802813695
pbmc	25	500	JSM	1.0	0	1	False	10000	0.8870177268981934	13053.125407900812	0.10604346637916429	7.612395524978638	9613.9404296875	0.17184246667238193
pbmc	25	500	JSD	1.0	0	1	False	10000	0.8632781505584717	2566.9019867610186	0.1188401760396197	7.639786720275879	1359.45849609375	0.18002496383005007
pbmc	25	500	MKL	1.0	0	1	False	10000	0.7311151027679443	10325.701485991478	0.11154370475486843	6.461308479309082	5637.97607421875	0.19970635705662146
pbmc	25	500	BHATTACHARYYA_METRIC	1.0	0	1	False	10000	0.5529744625091553	13836.662710535958	0.08993621236609556	6.739558219909668	10701.1328125	0.290942695329463
pbmc	25	500	TOTAL_VARIATION_DISTANCE	1.0	0	1	False	10000	0.5616326332092285	13723.43815875602	0.08762075321712583	781.5572285652161	13723.4375	0.08149284166847583
