#args=Namespace(dataset='pbmc', densify=True, hvg=2500, k=25, lspp=25, maxiter=50, mbsize=10000, msr=['3', '4', '5', '7', '9', '10', '15'], n_local_trials=1, ncheckins=5, nthreads=20, prior=0.01, topnorm=False)
#pref:03174884.
#pbmc	HVGene2500	53.75623536109924
#Dataset	k	numberHVG	Measure	Prior	LocalsearchRounds	NumLocalTrials	Densified	MinibatchSize	KmeansplusplusTime	KmeansplusplusCost	KMeansplusplusARI	KMeansTime	KMeansCost	KMeansARI
pbmc	25	2500	SQRL2	0.01	25	1	True	10000	4.821758270263672	211537087.0	0.08362664428445876	18.266793251037598	119027808.0	0.10403065344369283
pbmc	25	2500	JSM	0.01	25	1	True	10000	6.257248640060425	29025.43223391519	0.1363896240321967	35.220698833465576	24827.1328125	0.2520624279271125
pbmc	25	2500	JSD	0.01	25	1	True	10000	6.457336664199829	12524.009453058243	0.12206871826964624	35.14130520820618	9014.830078125	0.2548821785752572
pbmc	25	2500	MKL	0.01	25	1	True	10000	5.217249155044556	82050.04667723179	0.05420225636599175	30.10815954208374	58537.71875	0.15397362071960713
pbmc	25	2500	BHATTACHARYYA_METRIC	0.01	25	1	True	10000	3.584144353866577	26393.820089172637	0.20895589426041494	22.75279927253723	23803.8828125	0.28288690486685936
pbmc	25	2500	TOTAL_VARIATION_DISTANCE	0.01	25	1	True	10000	3.7774505615234375	26730.798467280067	0.06836703539393596	1325.10449552536	26579.7734375	0.19087359850059604
pbmc	25	2500	LLR	0.01	25	1	True	10000	6.270498752593994	23440697.390935645	0.07337008599320412	34.30881142616272	20364912.0	0.29573123924180605
pbmc	25	2500	COSINE_DISTANCE	0.01	25	1	True	10000	4.448152542114258	17489.424578679027	0.029364344870487852	17.965195894241333	8362.43359375	0.14304223872052999
